sample	cluster_id	n_copies	member_ids	contigs	mean_length	top_blast_hit	blast_pct_identity	blast_query_coverage
SL1002	1	5	rRNA_contig_2_3124518-3126036_DIR+; rRNA_contig_4_257986-259504_DIR+; rRNA_contig_2_757059-758577_DIR+; rRNA_contig_2_323-1841_DIR+; rRNA_contig_2_59146-60664_DIR+	2; 4	1519	N/A	N/A	N/A
SL1003	1	3	rRNA_contig_1_1391838-1393347_DIR-; rRNA_contig_1_5337594-5339103_DIR+; rRNA_contig_1_1972593-1974102_DIR-	1	1510	N/A	N/A	N/A
SL1004	1	4	rRNA_contig_1_559517-560995_DIR+; rRNA_contig_1_200729-202207_DIR+; rRNA_contig_1_3186091-3187569_DIR+; rRNA_contig_1_1499775-1501253_DIR-	1	1479	N/A	N/A	N/A
SL1033	1	6	rRNA_contig_1_4304086-4305610_DIR-; rRNA_contig_1_119424-120948_DIR+; rRNA_contig_1_5618925-5620449_DIR-; rRNA_contig_1_4694830-4696354_DIR-; rRNA_contig_1_819650-821174_DIR+; rRNA_contig_1_5290133-5291657_DIR-	1	1525	N/A	N/A	N/A
SL1046	1	6	rRNA_contig_1_6187665-6189189_DIR-; rRNA_contig_1_2215065-2216589_DIR+; rRNA_contig_1_5638409-5639933_DIR-; rRNA_contig_1_860768-862292_DIR+; rRNA_contig_1_5764847-5766371_DIR-; rRNA_contig_1_123550-125074_DIR+	1	1525	N/A	N/A	N/A
SL1064	1	6	rRNA_contig_1_283774-285299_DIR-; rRNA_contig_1_319270-320795_DIR-; rRNA_contig_1_872381-873906_DIR+; rRNA_contig_1_1556285-1557810_DIR+; rRNA_contig_1_819525-821050_DIR-; rRNA_contig_1_1051978-1053503_DIR+	1	1526	N/A	N/A	N/A
SL1071	1	6	rRNA_contig_2_1568336-1569860_DIR-; rRNA_contig_2_1845993-1847517_DIR-; rRNA_contig_2_2913622-2915146_DIR+; rRNA_contig_2_1302435-1303959_DIR-; rRNA_contig_2_3715-5239_DIR-; rRNA_contig_2_3346172-3347696_DIR+	2	1525	N/A	N/A	N/A
SL1071	2	6	rRNA_contig_1_2890605-2892130_DIR-; rRNA_contig_1_403-1928_DIR+; rRNA_contig_1_3394912-3396437_DIR-; rRNA_contig_1_3627365-3628890_DIR+; rRNA_contig_1_3574509-3576034_DIR-; rRNA_contig_1_35899-37424_DIR+	1	1526	N/A	N/A	N/A
SL1072	1	6	rRNA_contig_1_2731477-2733001_DIR-; rRNA_contig_1_4822277-4823801_DIR-; rRNA_contig_1_5691694-5693218_DIR+; rRNA_contig_1_328632-330156_DIR+; rRNA_contig_1_4168915-4170439_DIR-; rRNA_contig_1_6030644-6032168_DIR+	1	1525	N/A	N/A	N/A
SL1086	1	3	rRNA_contig_26_187232-188736_DIR-; rRNA_contig_26_194072-195576_DIR-; rRNA_contig_20_3950-5454_DIR-	20; 26	1505	N/A	N/A	N/A
SL1086	2	6	rRNA_contig_1_5858482-5860006_DIR-; rRNA_contig_1_5213708-5215232_DIR-; rRNA_contig_1_456342-457866_DIR+; rRNA_contig_1_134334-135858_DIR+; rRNA_contig_1_3854810-3856334_DIR-; rRNA_contig_1_590643-592167_DIR+	1	1525	N/A	N/A	N/A
SL1092	1	10	rRNA_contig_68_523953-525477_DIR-; rRNA_contig_18_57837-59361_DIR+; rRNA_contig_17_5640-7164_DIR+; rRNA_contig_4_314-1838_DIR+; rRNA_contig_16_159535-161059_DIR+; rRNA_contig_15_162408-163932_DIR+; rRNA_contig_13_672916-674440_DIR-; rRNA_contig_23_3972-5496_DIR+; rRNA_contig_17_133-1657_DIR+; rRNA_contig_30_253704-255228_DIR-	13; 15; 16; 17; 18; 23; 30; 4; 68	1525	N/A	N/A	N/A
SL1092	2	1	rRNA_contig_68_529460-530441_DIR-	68	982	N/A	N/A	N/A
SL1095	1	12	rRNA_contig_2_321007-322531_DIR+; rRNA_contig_1_2339445-2340969_DIR+; rRNA_contig_1_19398-20922_DIR-; rRNA_contig_2_5682807-5684331_DIR-; rRNA_contig_1_6377053-6378577_DIR-; rRNA_contig_2_1310661-1312185_DIR+; rRNA_contig_2_920249-921773_DIR+; rRNA_contig_2_5005136-5006660_DIR-; rRNA_contig_1_1481464-1482988_DIR+; rRNA_contig_1_2835815-2837339_DIR+; rRNA_contig_1_799322-800846_DIR+; rRNA_contig_2_6477574-6479098_DIR+	1; 2	1525	N/A	N/A	N/A
SL1097	1	6	rRNA_contig_1_3492957-3494481_DIR+; rRNA_contig_1_498217-499741_DIR-; rRNA_contig_1_2235442-2236966_DIR+; rRNA_contig_1_1583769-1585293_DIR+; rRNA_contig_1_841825-843349_DIR-; rRNA_contig_1_3736-5260_DIR-	1	1525	N/A	N/A	N/A
SL1098	1	4	rRNA_contig_9_79503-81020_DIR-; rRNA_contig_4_192808-194325_DIR+; rRNA_contig_4_179544-181061_DIR+; rRNA_contig_6_213305-214822_DIR+	4; 6; 9	1518	N/A	N/A	N/A
SL1098	2	8	rRNA_contig_1_3603959-3605477_DIR-; rRNA_contig_1_4805993-4807509_DIR-; rRNA_contig_1_4821398-4822914_DIR-; rRNA_contig_1_4780541-4782059_DIR-; rRNA_contig_1_3595391-3596909_DIR-; rRNA_contig_1_5900949-5902467_DIR+; rRNA_contig_1_5912291-5913807_DIR+; rRNA_contig_1_5925780-5927298_DIR+	1	1518	N/A	N/A	N/A
SL1102	1	6	rRNA_contig_1_6179383-6180907_DIR+; rRNA_contig_1_3398935-3400459_DIR-; rRNA_contig_1_4757833-4759357_DIR-; rRNA_contig_1_5402607-5404131_DIR-; rRNA_contig_1_134768-136292_DIR+; rRNA_contig_1_467-1991_DIR+	1	1525	N/A	N/A	N/A
SL1105	1	7	rRNA_contig_1_363357-364881_DIR+; rRNA_contig_1_5852007-5853531_DIR+; rRNA_contig_1_532053-533577_DIR+; rRNA_contig_1_5846600-5848124_DIR+; rRNA_contig_1_4430069-4431593_DIR-; rRNA_contig_1_1780117-1781641_DIR+; rRNA_contig_1_4897794-4899318_DIR-	1	1525	N/A	N/A	N/A
SL1107	1	6	rRNA_contig_2_3306436-3307940_DIR+; rRNA_contig_2_1421477-1422981_DIR-; rRNA_contig_2_2937986-2939490_DIR+; rRNA_contig_2_680675-682179_DIR-; rRNA_contig_2_2661452-2662956_DIR+; rRNA_contig_2_2945749-2947253_DIR+	2	1505	N/A	N/A	N/A
