,query,strain_name,true_genus,true_isin_kb,count_others_in_kb,ml_accuracy,presence_accuracy,ml_has_correct_hit,presence_has_correct_hit,ml_has_preds,presence_has_preds,k
0,01JVTRHJ8EME3YWMDSH83XVR3D,01JVTRHJ8EME3YWMDSH83XVR3D,Micromonospora,True,159,1.0,0.0,True,False,True,False,1
5,01JVTRHV4XK709RB213EACRM8J,01JVTRHV4XK709RB213EACRM8J,Microbacterium,True,4,0.0,0.0,False,False,False,False,1
10,01JVTRKK0RPP550CFE0B4RGN5T,01JVTRKK0RPP550CFE0B4RGN5T,Cryobacterium,False,0,0.0,0.0,False,False,False,False,1
15,01JVTRKTM7QRNKXDWSFT3ADH9F,01JVTRKTM7QRNKXDWSFT3ADH9F,Friedmanniella,False,0,0.0,0.0,False,False,True,False,1
20,01JVTRP3SN4TX5K95W43YT3MCE,01JVTRP3SN4TX5K95W43YT3MCE,Curtobacterium,True,2,0.0,0.0,False,False,False,False,1
25,01JVTRPWACEHWY4SDV73RV4RZ3,01JVTRPWACEHWY4SDV73RV4RZ3,Streptosporangium,True,1,0.0,0.0,False,False,False,False,1
30,01KA9R431DPY96M2PJ01R0726H,01KA9R431DPY96M2PJ01R0726H,Knoellia,True,1,0.0,0.0,False,False,True,False,1
35,01KA9R44B6KYRW1GX0VJHS8BCX,01KA9R44B6KYRW1GX0VJHS8BCX,Knoellia,True,1,0.0,0.0,False,False,True,False,1
40,01KA9R47SFFX9SBAXB91ZPMR0K,01KA9R47SFFX9SBAXB91ZPMR0K,Oerskovia,True,1,1.0,1.0,True,True,True,True,1
45,01KA9R4CJ05D7GNAEM0AJ68V0M,01KA9R4CJ05D7GNAEM0AJ68V0M,Kocuria,True,5,1.0,0.0,True,False,True,False,1
50,01KA9R4FDKM384VPE4YWWKDG53,01KA9R4FDKM384VPE4YWWKDG53,Mycobacterium,False,0,0.0,0.0,False,False,True,True,1
55,01KA9R4J2G8Q76HED26K40CYYR,01KA9R4J2G8Q76HED26K40CYYR,Pseudarthrobacter,True,1,1.0,0.0,True,False,True,False,1
60,01KA9R4PM3JNBES6VX3VX1W4HS,01KA9R4PM3JNBES6VX3VX1W4HS,Microbacterium,True,4,1.0,0.0,True,False,True,False,1
65,01KA9R502EM598QFY0NAMWQ4BH,01KA9R502EM598QFY0NAMWQ4BH,Micromonospora,True,159,1.0,1.0,True,True,True,True,1
70,01KA9R5525JJNGDEQTMQRR56MH,01KA9R5525JJNGDEQTMQRR56MH,Mycobacterium,False,0,0.0,0.0,False,False,False,False,1
75,01KA9R5D7KM81638Y4BKAX5SDK,01KA9R5D7KM81638Y4BKAX5SDK,Kytococcus,True,2,1.0,1.0,True,True,True,True,1
80,01KA9R5NBBZ6XWSWBRZM7AEBBV,01KA9R5NBBZ6XWSWBRZM7AEBBV,Saccharomonospora,True,1,1.0,1.0,True,True,True,True,1
85,01KA9R5SK6QJMYGQ53FXXQMPB9,01KA9R5SK6QJMYGQ53FXXQMPB9,Williamsia,False,0,0.0,0.0,False,False,True,False,1
90,01KA9R6A4PJ1017JDTGNQ06RSQ,01KA9R6A4PJ1017JDTGNQ06RSQ,Kytococcus,True,2,1.0,0.0,True,False,True,False,1
95,01KA9R6C2735PW9HEVH9786VGR,01KA9R6C2735PW9HEVH9786VGR,Brevibacterium,False,0,0.0,0.0,False,False,True,False,1
100,01KA9R71E7K296R6JSP3A2J5WH,01KA9R71E7K296R6JSP3A2J5WH,Microbacterium,True,4,1.0,0.0,True,False,True,False,1
105,01KA9R76ZXSVEW9GXYZGS85PHJ,01KA9R76ZXSVEW9GXYZGS85PHJ,Rothia,True,1,0.0,0.0,False,False,True,False,1
110,01KA9R7BH55VJ5EFY407W36QQ6,01KA9R7BH55VJ5EFY407W36QQ6,Micromonospora,True,159,1.0,1.0,True,True,True,True,1
115,01KA9R7C22MTRSGF0SVAZ0KQBS,01KA9R7C22MTRSGF0SVAZ0KQBS,Micromonospora,True,159,0.0,0.0,False,False,False,True,1
120,01KA9R7HAP8T2859SKA9XJF8XF,01KA9R7HAP8T2859SKA9XJF8XF,Micromonospora,True,159,1.0,1.0,True,True,True,True,1
125,01KA9R7JH7PQ4NDNT10K8ME8Y8,01KA9R7JH7PQ4NDNT10K8ME8Y8,Micromonospora,True,159,1.0,1.0,True,True,True,True,1
130,01KA9R7W1N77QNBT9ACTE879WS,01KA9R7W1N77QNBT9ACTE879WS,Micromonospora,True,159,1.0,1.0,True,True,True,True,1
135,01KA9R7X14AF8YZA67AFG150N1,01KA9R7X14AF8YZA67AFG150N1,Micromonospora,True,159,1.0,1.0,True,True,True,True,1
140,01KA9R7XZV024CS7CNYVBDDZCV,01KA9R7XZV024CS7CNYVBDDZCV,Micromonospora,True,159,1.0,1.0,True,True,True,True,1
145,01KABVCR0ZA7R4B4MKVY1Q45YF,01KABVCR0ZA7R4B4MKVY1Q45YF,Saccharomonospora,True,1,1.0,1.0,True,True,True,True,1
150,01KABVD7EDZHRJHR0K1NTXK7ZH,01KABVD7EDZHRJHR0K1NTXK7ZH,Micromonospora,True,159,1.0,1.0,True,True,True,True,1
155,01KABVDCX3YBV83W778NE5P4RC,01KABVDCX3YBV83W778NE5P4RC,Micromonospora,True,159,1.0,1.0,True,True,True,True,1
160,01KABVDN5VSH8NWZF4KK71B36P,01KABVDN5VSH8NWZF4KK71B36P,Micromonospora,True,159,1.0,1.0,True,True,True,True,1
165,01KABVDV9YX1DD0E5NB194KTP9,01KABVDV9YX1DD0E5NB194KTP9,Micromonospora,True,159,1.0,1.0,True,True,True,True,1
170,01KABVEESWCMN2RCXM1EF85QXF,01KABVEESWCMN2RCXM1EF85QXF,Micromonospora,True,159,1.0,1.0,True,True,True,True,1
175,01KABVEM6E13AXGMH5NS3GEVFW,01KABVEM6E13AXGMH5NS3GEVFW,Micromonospora,True,159,1.0,1.0,True,True,True,True,1
180,01KABVESM7KWN3EQNV18Z6SQQS,01KABVESM7KWN3EQNV18Z6SQQS,Micromonospora,True,159,1.0,1.0,True,True,True,True,1
185,01KABVF1BFERF34QT58K4HE90J,01KABVF1BFERF34QT58K4HE90J,Micromonospora,True,159,1.0,1.0,True,True,True,True,1
190,01KABVFFZ7EDYKQM4J5YDVYVC2,01KABVFFZ7EDYKQM4J5YDVYVC2,Micromonospora,True,159,1.0,1.0,True,True,True,True,1
195,01KABVFKHDBS3D7BATTGRP21QR,01KABVFKHDBS3D7BATTGRP21QR,Micromonospora,True,159,0.0,0.0,False,False,True,True,1
200,01KABVG4816P8MNPYHYEXFA5N3,01KABVG4816P8MNPYHYEXFA5N3,Micromonospora,True,159,1.0,1.0,True,True,True,True,1
205,01KABVG79A32Y6M4JVM4ZYZKAF,01KABVG79A32Y6M4JVM4ZYZKAF,Micromonospora,True,159,1.0,1.0,True,True,True,True,1
210,01KABVHK5KH3DG3M2BHGF8GKG9,01KABVHK5KH3DG3M2BHGF8GKG9,Micromonospora,True,159,1.0,1.0,True,True,True,True,1
215,01KABVHQM4Z8DQH3VK01W7KJK4,01KABVHQM4Z8DQH3VK01W7KJK4,Micromonospora,True,159,1.0,1.0,True,True,True,True,1
220,01KABVHZ2N5BMEDR5SWJC9NPKY,01KABVHZ2N5BMEDR5SWJC9NPKY,Micromonospora,True,159,1.0,1.0,True,True,True,True,1
225,01KABVJ86MP9786BNFNVZFZYRG,01KABVJ86MP9786BNFNVZFZYRG,Spirillospora,False,0,0.0,0.0,False,False,False,False,1
230,01KABVJD25776HYCW46YPZ6JJZ,01KABVJD25776HYCW46YPZ6JJZ,Micromonospora,True,159,1.0,1.0,True,True,True,True,1
