GenomeAcc.,Strain names,IDBac-KB ID,GTDB-tk Taxonomy
BM2Q003,BM2Q003,01JVTRHJ8EME3YWMDSH83XVR3D,Micromonospora sp013694245
BM5L003A,BM5L003A,01JVTRHV4XK709RB213EACRM8J,Microbacterium testaceum
LYG002A,LYG002A,01JVTRKK0RPP550CFE0B4RGN5T,Cryobacterium sp004403945
LYG008,LYG008,01JVTRKTM7QRNKXDWSFT3ADH9F,Friedmanniella antarctica
OS302P,OS302P,01JVTRP3SN4TX5K95W43YT3MCE,Curtobacterium sp003755065
WIAH03,WIAH03,01JVTRPWACEHWY4SDV73RV4RZ3,Streptosporangium violaceochromogenes
K1101,114B-8,01KA9R431DPY96M2PJ01R0726H,Knoellia sp000152705
K1118,115B-7,01KA9R44B6KYRW1GX0VJHS8BCX,Knoellia locipacati
K1169,116H-18,01KA9R47SFFX9SBAXB91ZPMR0K,Oerskovia sp014836755
K1253,117F-1,01KA9R4CJ05D7GNAEM0AJ68V0M,Kocuria palustris_A
K1056,117H-59,01KA9R4FDKM384VPE4YWWKDG53,Mycobacterium sp003053865
K1060,119A-10,01KA9R4J2G8Q76HED26K40CYYR,Pseudarthrobacter sp000374905
K1029,121A-19,01KA9R4PM3JNBES6VX3VX1W4HS,Microbacterium foliorum_B
K1049,129A-2,01KA9R502EM598QFY0NAMWQ4BH,Micromonospora tulbaghiae
K1021,129A-55,01KA9R5525JJNGDEQTMQRR56MH,Mycobacterium sp004762045
K1017,133A-3,01KA9R5D7KM81638Y4BKAX5SDK,Kytococcus schroeteri
K1185,135A-8,01KA9R5NBBZ6XWSWBRZM7AEBBV,Saccharomonospora sp015910535
K1144,137A-20,01KA9R5SK6QJMYGQ53FXXQMPB9,Williamsia sp017377795
K1121,138K-12,01KA9R6A4PJ1017JDTGNQ06RSQ,Kytococcus schroeteri
K1070,138K-5,01KA9R6C2735PW9HEVH9786VGR,Brevibacterium ihuae
K489,K489,01KA9R71E7K296R6JSP3A2J5WH,Microbacterium sp01680748
K571,K571,01KA9R76ZXSVEW9GXYZGS85PHJ,Rothia halotolerans
K633,K633,01KA9R7BH55VJ5EFY407W36QQ6,Micromonospora sp017599305
K651,K651,01KA9R7C22MTRSGF0SVAZ0KQBS,Micromonospora arida
K699,K699,01KA9R7HAP8T2859SKA9XJF8XF,Micromonospora saelicesensis
K701,K701,01KA9R7JH7PQ4NDNT10K8ME8Y8,Micromonospora sp017599305
K787,K787,01KA9R7W1N77QNBT9ACTE879WS,Micromonospora tulbaghiae
K792,K792,01KA9R7X14AF8YZA67AFG150N1,Micromonospora tulbaghiae
K806,K806,01KA9R7XZV024CS7CNYVBDDZCV,Micromonospora aurantiaca
A026,A026,01KABVCR0ZA7R4B4MKVY1Q45YF,Saccharomonospora sp015910535
A040,A040,01KABVD7EDZHRJHR0K1NTXK7ZH,Micromonospora tulbaghiae
B001,B001,01KABVDCX3YBV83W778NE5P4RC,Micromonospora lupini
B002,B002,01KABVDN5VSH8NWZF4KK71B36P,Micromonospora parathelypteridis
B006,B006,01KABVDV9YX1DD0E5NB194KTP9,Micromonospora tulbaghiae
B012,B012,01KABVEESWCMN2RCXM1EF85QXF,Micromonospora inaquosa
B013,B013,01KABVEM6E13AXGMH5NS3GEVFW,Micromonospora tulbaghiae
B016,B016,01KABVESM7KWN3EQNV18Z6SQQS,Micromonospora tulbaghiae
B017,B017,01KABVF1BFERF34QT58K4HE90J,Micromonospora tulbaghia
B022,B022,01KABVFFZ7EDYKQM4J5YDVYVC2,Micromonospora zamorensis
B023,B023,01KABVFKHDBS3D7BATTGRP21QR,Micromonospora aurantiaca
B031,B031,01KABVG4816P8MNPYHYEXFA5N3,Micromonospora saelicesensis
B032,B032,01KABVG79A32Y6M4JVM4ZYZKAF,Micromonospora saelicesensis
D052,D052,01KABVHK5KH3DG3M2BHGF8GKG9,Micromonospora aurantiaca
D053,D053,01KABVHQM4Z8DQH3VK01W7KJK4,Micromonospora tulbaghiae
D054,D054,01KABVHZ2N5BMEDR5SWJC9NPKY,Micromonospora aurantiaca
D058,D058,01KABVJ86MP9786BNFNVZFZYRG,Spirillospora citrea
D077,D077,01KABVJD25776HYCW46YPZ6JJZ,Micromonospora humi
