Filename,Strain name,16S taxonomy,GTDB WGS taxonomy abbreviated,,,,
01JVTRHJ8EME3YWMDSH83XVR3D.mzML,01JVTRHJ8EME3YWMDSH83XVR3D,Micromonospora sp.,Micromonospora sp013694245,,,,
01JVTRHV4XK709RB213EACRM8J.mzML,01JVTRHV4XK709RB213EACRM8J,Microbacterium testaceum,Microbacterium testaceum,,,,
01JVTRKK0RPP550CFE0B4RGN5T.mzML,01JVTRKK0RPP550CFE0B4RGN5T,Cryobacterium sp.,Cryobacterium sp004403945,,,,
01JVTRKTM7QRNKXDWSFT3ADH9F.mzML,01JVTRKTM7QRNKXDWSFT3ADH9F,Microlunatus sp.,Friedmanniella antarctica,,,,
01JVTRP3SN4TX5K95W43YT3MCE.mzML,01JVTRP3SN4TX5K95W43YT3MCE,Curtobacterium sp.,Curtobacterium sp003755065,,,,
01JVTRPWACEHWY4SDV73RV4RZ3.mzML,01JVTRPWACEHWY4SDV73RV4RZ3,Streptosporangium sp.,Streptosporangium violaceochromogenes,,,,
01KA9R431DPY96M2PJ01R0726H.mzML,01KA9R431DPY96M2PJ01R0726H,Knoellia sp.,Knoellia sp000152705,,,,
01KA9R44B6KYRW1GX0VJHS8BCX.mzML,01KA9R44B6KYRW1GX0VJHS8BCX,Knoellia sp.,Knoellia locipacati,,,,
01KA9R47SFFX9SBAXB91ZPMR0K.mzML,01KA9R47SFFX9SBAXB91ZPMR0K,Oerskovia sp.,Oerskovia sp014836755,,,,
01KA9R4CJ05D7GNAEM0AJ68V0M.mzML,01KA9R4CJ05D7GNAEM0AJ68V0M,Kocuria sp.,Kocuria palustris_A,,,,
01KA9R4FDKM384VPE4YWWKDG53.mzML,01KA9R4FDKM384VPE4YWWKDG53,Microbacterium sp.,Mycobacterium sp003053865,,,,
01KA9R4J2G8Q76HED26K40CYYR.mzML,01KA9R4J2G8Q76HED26K40CYYR,Arthrobacter sp.,Pseudarthrobacter sp000374905,,,,
01KA9R4PM3JNBES6VX3VX1W4HS.mzML,01KA9R4PM3JNBES6VX3VX1W4HS,Microbacterium sp.,Microbacterium foliorum_B,,,,
01KA9R4XXSNR6R8Z38DAYG2YHE.mzML,01KA9R4XXSNR6R8Z38DAYG2YHE,Bosea sp.,***Unclassified,,,,
01KA9R502EM598QFY0NAMWQ4BH.mzML,01KA9R502EM598QFY0NAMWQ4BH,Micromonospora sp.,Micromonospora tulbaghiae,,,,
01KA9R5525JJNGDEQTMQRR56MH.mzML,01KA9R5525JJNGDEQTMQRR56MH,Mycolicibacterium sp.,Mycobacterium sp004762045,,,,
01KA9R5D7KM81638Y4BKAX5SDK.mzML,01KA9R5D7KM81638Y4BKAX5SDK,Kytococcus sp.,Kytococcus schroeteri,,,,
01KA9R5KF1QKAGN54SDPMNK7SC.mzML,01KA9R5KF1QKAGN54SDPMNK7SC,Oerskovia sp.,-,,,,
01KA9R5NBBZ6XWSWBRZM7AEBBV.mzML,01KA9R5NBBZ6XWSWBRZM7AEBBV,Saccharomonospora sp.,Saccharomonospora sp015910535,,,,
01KA9R5SK6QJMYGQ53FXXQMPB9.mzML,01KA9R5SK6QJMYGQ53FXXQMPB9,Actinomycetospora chiangmaiensis,Williamsia sp017377795,,,,
01KA9R6A4PJ1017JDTGNQ06RSQ.mzML,01KA9R6A4PJ1017JDTGNQ06RSQ,Kytococcus sp.,Kytococcus schroeteri,,,,
01KA9R6C2735PW9HEVH9786VGR.mzML,01KA9R6C2735PW9HEVH9786VGR,Brevibacterium sp.,Brevibacterium ihuae,,,,
01KA9R71E7K296R6JSP3A2J5WH.mzML,01KA9R71E7K296R6JSP3A2J5WH,Microbacterium sp.,Microbacterium sp01680748,,,,
01KA9R753Q02A6K9AC8F0RRNRW.mzML,01KA9R753Q02A6K9AC8F0RRNRW,Kocuria sp.,Unclassified,,,,
01KA9R76ZXSVEW9GXYZGS85PHJ.mzML,01KA9R76ZXSVEW9GXYZGS85PHJ,Kocuria sp.,Rothia halotolerans,,,,
01KA9R7BH55VJ5EFY407W36QQ6.mzML,01KA9R7BH55VJ5EFY407W36QQ6,Micromonospora sp.,Micromonospora sp017599305,,,,
01KA9R7C22MTRSGF0SVAZ0KQBS.mzML,01KA9R7C22MTRSGF0SVAZ0KQBS,Micromonospora sp.,Micromonospora arida,,,,
01KA9R7HAP8T2859SKA9XJF8XF.mzML,01KA9R7HAP8T2859SKA9XJF8XF,Micromonospora sp.,Micromonospora saelicesensis,,,,
01KA9R7JH7PQ4NDNT10K8ME8Y8.mzML,01KA9R7JH7PQ4NDNT10K8ME8Y8,Micromonospora sp.,Micromonospora sp017599305,,,,
01KA9R7W1N77QNBT9ACTE879WS.mzML,01KA9R7W1N77QNBT9ACTE879WS,Micromonospora sp.,Micromonospora tulbaghiae,,,,
01KA9R7X14AF8YZA67AFG150N1.mzML,01KA9R7X14AF8YZA67AFG150N1,Micromonospora sp.,Micromonospora tulbaghiae,,,,
01KA9R7XZV024CS7CNYVBDDZCV.mzML,01KA9R7XZV024CS7CNYVBDDZCV,Micromonospora sp.,Micromonospora aurantiaca,,,,
01KABVCR0ZA7R4B4MKVY1Q45YF.mzML,01KABVCR0ZA7R4B4MKVY1Q45YF,Saccharomonospora azurea,Saccharomonospora sp015910535,,,,
01KABVD7EDZHRJHR0K1NTXK7ZH.mzML,01KABVD7EDZHRJHR0K1NTXK7ZH,Micromonospora sp.,Micromonospora tulbaghiae,,,,
01KABVDCX3YBV83W778NE5P4RC.mzML,01KABVDCX3YBV83W778NE5P4RC,Micromonospora sp.,Micromonospora lupini,,,,
01KABVDN5VSH8NWZF4KK71B36P.mzML,01KABVDN5VSH8NWZF4KK71B36P,Micromonospora sp.,Micromonospora parathelypteridis,,,,
01KABVDV9YX1DD0E5NB194KTP9.mzML,01KABVDV9YX1DD0E5NB194KTP9,Micromonospora sp.,Micromonospora tulbaghiae,,,,
01KABVEESWCMN2RCXM1EF85QXF.mzML,01KABVEESWCMN2RCXM1EF85QXF,Micromonospora sp.,Micromonospora inaquosa,,,,
01KABVEM6E13AXGMH5NS3GEVFW.mzML,01KABVEM6E13AXGMH5NS3GEVFW,Micromonospora sp.,Micromonospora tulbaghiae,,,,
01KABVESM7KWN3EQNV18Z6SQQS.mzML,01KABVESM7KWN3EQNV18Z6SQQS,Micromonospora sp.,Micromonospora tulbaghiae,,,,
01KABVF1BFERF34QT58K4HE90J.mzML,01KABVF1BFERF34QT58K4HE90J,Micromonospora sp.,Micromonospora tulbaghia,,,,
01KABVFFZ7EDYKQM4J5YDVYVC2.mzML,01KABVFFZ7EDYKQM4J5YDVYVC2,Micromonospora sp.,Micromonospora zamorensis,,,,
01KABVFKHDBS3D7BATTGRP21QR.mzML,01KABVFKHDBS3D7BATTGRP21QR,Micromonospora sp.,Micromonospora aurantiaca,,,,
01KABVG4816P8MNPYHYEXFA5N3.mzML,01KABVG4816P8MNPYHYEXFA5N3,Micromonospora sp.,Micromonospora saelicesensis,,,,
01KABVG79A32Y6M4JVM4ZYZKAF.mzML,01KABVG79A32Y6M4JVM4ZYZKAF,Micromonospora sp.,Micromonospora saelicesensis,,,,
01KABVHK5KH3DG3M2BHGF8GKG9.mzML,01KABVHK5KH3DG3M2BHGF8GKG9,Micromonospora sp.,Micromonospora aurantiaca,,,,
01KABVHQM4Z8DQH3VK01W7KJK4.mzML,01KABVHQM4Z8DQH3VK01W7KJK4,Micromonospora sp.,Micromonospora tulbaghiae,,,,
01KABVHZ2N5BMEDR5SWJC9NPKY.mzML,01KABVHZ2N5BMEDR5SWJC9NPKY,Micromonospora sp.,Micromonospora aurantiaca,,,,
01KABVJ86MP9786BNFNVZFZYRG.mzML,01KABVJ86MP9786BNFNVZFZYRG,Actinomadura sp.,Spirillospora citrea,,,,
01KABVJD25776HYCW46YPZ6JJZ.mzML,01KABVJD25776HYCW46YPZ6JJZ,Micromonospora sp.,Micromonospora humi,,,,
