Genome names	Strain names	16S outputs
BM2Q003	BM2Q003	
BM5L003A	BM5L003A	
LYG002A	LYG002A	
LYG008	LYG008	
OS302P	OS302P	
WIAH03	WIAH03	
K1101	114B-8	
K1118	115B-7	
K1169	116H-18	
K1253	117F-1	
K1056	117H-59	
K1060	119A-10	
K1029	121A-19	
K1120	128A-35	
K1049	129A-2	K1049_f_purged_primary_16s_consensus.fasta
K1021	129A-55	
K1017	133A-3	
K1190	135A-23	
K1185	135A-8	
K1144	137A-20	
K1121	138K-12	
K1070	138K-5	
K489	K489	
K544	K544	
K571	K571	
K633	K633	
K651	K651	
K699	K699	
K701	K701	
K787	K787	K787_f_purged_primary_16s_consensus.fasta
K792	K792	K792_f_purged_primary_16s_consensus.fasta
K806	K806	K806_f_purged_primary_16s_consensus.fasta
A026	A026	
A040	A040	A040_f_purged_primary_16s_consensus.fasta
B001	B001	B001_f_purged_primary_16s_consensus.fasta
B002	B002	B002_f_purged_primary_16s_consensus.fasta
B006	B006	B006_f_purged_primary_16s_consensus.fasta
B012	B012	B012_f_purged_primary_16s_consensus.fasta
B013	B013	B013_f_purged_primary_16s_consensus.fasta
B016	B016	B016_f_purged_primary_16s_consensus.fasta
B017	B017	B017_f_purged_primary_16s_consensus.fasta
B022	B022	B022_f_purged_primary_16s_consensus.fasta
B023	B023	
B031	B031	B031_f_purged_primary_16s_consensus.fasta
B032	B032	B032_f_purged_primary_16s_consensus.fasta
D052	D052	
D053	D053	D053_f_purged_primary_16s_consensus.fasta
D054	D054	D054_f_purged_primary_16s_consensus.fasta
D058	D058	
D077	D077	D077_f_purged_primary_16s_consensus.fasta