model,k,accuracy,random_seed,color
clip_transformer,1,0.9890075376884422,42,#66c2a5
clip_transformer,2,0.991140642303433,42,#66c2a5
clip_transformer,3,0.9929022082018928,42,#66c2a5
clip_transformer,4,0.9931754315535929,42,#66c2a5
clip_transformer,5,0.9923492349234924,42,#66c2a5
clip_transformer,6,0.9922586520947176,42,#66c2a5
clip_transformer,7,0.989240506329114,42,#66c2a5
clip_transformer,8,0.9888524590163934,42,#66c2a5
clip_transformer,9,0.9886515353805073,42,#66c2a5
clip_transformer,10,0.9885598923283984,42,#66c2a5
clip_transformer,1,0.9884066587395958,43,#66c2a5
clip_transformer,2,0.9380645161290323,43,#66c2a5
clip_transformer,3,0.933853586027499,43,#66c2a5
clip_transformer,4,0.9317919075144508,43,#66c2a5
clip_transformer,5,0.9162724692526018,43,#66c2a5
clip_transformer,6,0.9154727793696275,43,#66c2a5
clip_transformer,7,0.9913793103448276,43,#66c2a5
clip_transformer,8,0.9855630413859481,43,#66c2a5
clip_transformer,9,0.9854651162790697,43,#66c2a5
clip_transformer,10,0.9832026875699889,43,#66c2a5
clip_transformer,1,0.96491705194452,44,#66c2a5
clip_transformer,2,0.9837343273466621,44,#66c2a5
clip_transformer,3,0.9862368706990221,44,#66c2a5
clip_transformer,4,0.9865370231862378,44,#66c2a5
clip_transformer,5,0.9863636363636363,44,#66c2a5
clip_transformer,6,0.985981308411215,44,#66c2a5
clip_transformer,7,0.9858823529411764,44,#66c2a5
clip_transformer,8,0.9852366478506296,44,#66c2a5
clip_transformer,9,0.985081175954366,44,#66c2a5
clip_transformer,10,0.9842810910772076,44,#66c2a5
clip_transformer,1,0.900527924423451,45,#66c2a5
clip_transformer,2,0.8878424657534246,45,#66c2a5
clip_transformer,3,0.8742228598756576,45,#66c2a5
clip_transformer,4,0.8664296597257491,45,#66c2a5
clip_transformer,5,0.9326145552560647,45,#66c2a5
clip_transformer,6,0.9253174010455564,45,#66c2a5
clip_transformer,7,0.9229583975346687,45,#66c2a5
clip_transformer,8,0.9218139171227522,45,#66c2a5
clip_transformer,9,0.9138673557278209,45,#66c2a5
clip_transformer,10,0.8579545454545454,45,#66c2a5
clip_transformer,1,0.8967488388710254,46,#66c2a5
clip_transformer,2,0.9179318834632745,46,#66c2a5
clip_transformer,3,0.9128970163618865,46,#66c2a5
clip_transformer,4,0.8850063532401525,46,#66c2a5
clip_transformer,5,0.8778677462887989,46,#66c2a5
clip_transformer,6,0.8606620477290223,46,#66c2a5
clip_transformer,7,0.8574803149606299,46,#66c2a5
clip_transformer,8,0.979765708200213,46,#66c2a5
clip_transformer,9,0.9782608695652174,46,#66c2a5
clip_transformer,10,0.9757343550446999,46,#66c2a5
clip_transformer,1,0.9689964645091107,47,#66c2a5
clip_transformer,2,0.9695324283559578,47,#66c2a5
clip_transformer,3,0.9670932358318098,47,#66c2a5
clip_transformer,4,0.9665303086649312,47,#66c2a5
clip_transformer,5,0.9652140672782875,47,#66c2a5
clip_transformer,6,0.9617968094038623,47,#66c2a5
clip_transformer,7,0.9613259668508287,47,#66c2a5
clip_transformer,8,0.9588793492995933,47,#66c2a5
clip_transformer,9,0.9586551567469332,47,#66c2a5
clip_transformer,10,0.9574964969640355,47,#66c2a5
clip_transformer,1,0.9872122762148338,48,#66c2a5
clip_transformer,2,0.9869366427171783,48,#66c2a5
clip_transformer,3,0.9867792875504958,48,#66c2a5
clip_transformer,4,0.9861644888547272,48,#66c2a5
clip_transformer,5,0.983026874115983,48,#66c2a5
clip_transformer,6,0.9818181818181818,48,#66c2a5
clip_transformer,7,0.9816420193778684,48,#66c2a5
clip_transformer,8,0.9926289926289926,48,#66c2a5
clip_transformer,9,0.989041095890411,48,#66c2a5
clip_transformer,10,0.9889604415823368,48,#66c2a5
clip_transformer,1,0.9447122200170116,49,#66c2a5
clip_transformer,2,0.9937037037037038,49,#66c2a5
clip_transformer,3,0.9938247780779622,49,#66c2a5
clip_transformer,4,0.9932574799831437,49,#66c2a5
clip_transformer,5,0.9933949801849405,49,#66c2a5
clip_transformer,6,0.9935513588208199,49,#66c2a5
clip_transformer,7,0.9934579439252337,49,#66c2a5
clip_transformer,8,0.9916815210932858,49,#66c2a5
clip_transformer,9,0.9915100060642814,49,#66c2a5
clip_transformer,10,0.9914841849148418,49,#66c2a5
clip_transformer,1,0.9625066952329941,50,#66c2a5
clip_transformer,2,0.9809523809523809,50,#66c2a5
clip_transformer,3,0.927552986512524,50,#66c2a5
clip_transformer,4,0.9105263157894737,50,#66c2a5
clip_transformer,5,0.9071499503475671,50,#66c2a5
clip_transformer,6,0.9934484812388327,50,#66c2a5
clip_transformer,7,0.9924760601915185,50,#66c2a5
clip_transformer,8,0.9919708029197081,50,#66c2a5
clip_transformer,9,0.9917971662938105,50,#66c2a5
clip_transformer,10,0.9915579432079816,50,#66c2a5
clip_transformer,1,0.9633916554508748,51,#66c2a5
clip_transformer,2,0.98464,51,#66c2a5
clip_transformer,3,0.9932162809257782,51,#66c2a5
clip_transformer,4,0.9929839042509286,51,#66c2a5
clip_transformer,5,0.9926597582037997,51,#66c2a5
clip_transformer,6,0.9921636917718764,51,#66c2a5
clip_transformer,7,0.9913127413127413,51,#66c2a5
clip_transformer,8,0.98875,51,#66c2a5
clip_transformer,9,0.9826756496631376,51,#66c2a5
clip_transformer,10,0.9821782178217822,51,#66c2a5
clip_transformer,1,0.9764447236180904,42,#66c2a5
clip_transformer,2,0.9741602067183462,42,#66c2a5
clip_transformer,3,0.9739747634069401,42,#66c2a5
clip_transformer,4,0.9755118426334806,42,#66c2a5
clip_transformer,5,0.9725472547254725,42,#66c2a5
clip_transformer,6,0.9722222222222222,42,#66c2a5
clip_transformer,7,0.9613924050632912,42,#66c2a5
clip_transformer,8,0.96,42,#66c2a5
clip_transformer,9,0.959279038718291,42,#66c2a5
clip_transformer,10,0.9589502018842531,42,#66c2a5
clip_transformer,1,0.9741379310344828,43,#66c2a5
clip_transformer,2,0.9670967741935483,43,#66c2a5
clip_transformer,3,0.9624674842066147,43,#66c2a5
clip_transformer,4,0.9606936416184971,43,#66c2a5
clip_transformer,5,0.9517502365184485,43,#66c2a5
clip_transformer,6,0.9512893982808023,43,#66c2a5
clip_transformer,7,0.9591954022988506,43,#66c2a5
clip_transformer,8,0.931665062560154,43,#66c2a5
clip_transformer,9,0.9312015503875969,43,#66c2a5
clip_transformer,10,0.9204927211646137,43,#66c2a5
clip_transformer,1,0.9268425346750068,44,#66c2a5
clip_transformer,2,0.981701118264995,44,#66c2a5
clip_transformer,3,0.9808040565012677,44,#66c2a5
clip_transformer,4,0.9842931937172775,44,#66c2a5
clip_transformer,5,0.9859848484848485,44,#66c2a5
clip_transformer,6,0.9855919003115264,44,#66c2a5
clip_transformer,7,0.9854901960784314,44,#66c2a5
clip_transformer,8,0.9848024316109423,44,#66c2a5
clip_transformer,9,0.9846423870118473,44,#66c2a5
clip_transformer,10,0.9838187702265372,44,#66c2a5
clip_transformer,1,0.9146985273687135,45,#66c2a5
clip_transformer,2,0.9563356164383562,45,#66c2a5
clip_transformer,3,0.953610712577714,45,#66c2a5
clip_transformer,4,0.9512442864398172,45,#66c2a5
clip_transformer,5,0.956199460916442,45,#66c2a5
clip_transformer,6,0.9522031366691561,45,#66c2a5
clip_transformer,7,0.9506933744221879,45,#66c2a5
clip_transformer,8,0.9499609069585614,45,#66c2a5
clip_transformer,9,0.9448751076658053,45,#66c2a5
clip_transformer,10,0.9090909090909091,45,#66c2a5
clip_transformer,1,0.9281886387995713,46,#66c2a5
clip_transformer,2,0.9573245794009028,46,#66c2a5
clip_transformer,3,0.9528392685274302,46,#66c2a5
clip_transformer,4,0.9377382465057179,46,#66c2a5
clip_transformer,5,0.937246963562753,46,#66c2a5
clip_transformer,6,0.9299461123941494,46,#66c2a5
clip_transformer,7,0.9283464566929134,46,#66c2a5
clip_transformer,8,0.9350372736954207,46,#66c2a5
clip_transformer,9,0.9302059496567505,46,#66c2a5
clip_transformer,10,0.9220945083014048,46,#66c2a5
clip_transformer,1,0.972803916236062,47,#66c2a5
clip_transformer,2,0.9888386123680242,47,#66c2a5
clip_transformer,3,0.9959780621572212,47,#66c2a5
clip_transformer,4,0.995909259947936,47,#66c2a5
clip_transformer,5,0.996177370030581,47,#66c2a5
clip_transformer,6,0.9962216624685138,47,#66c2a5
clip_transformer,7,0.9961750956226094,47,#66c2a5
clip_transformer,8,0.9963849977406236,47,#66c2a5
clip_transformer,9,0.9963652885052249,47,#66c2a5
clip_transformer,10,0.9962634283045306,47,#66c2a5
clip_transformer,1,0.9639102017618641,48,#66c2a5
clip_transformer,2,0.984977139124755,48,#66c2a5
clip_transformer,3,0.9856775615130371,48,#66c2a5
clip_transformer,4,0.9869331283627979,48,#66c2a5
clip_transformer,5,0.9839698255539839,48,#66c2a5
clip_transformer,6,0.9828282828282828,48,#66c2a5
clip_transformer,7,0.9826619071902091,48,#66c2a5
clip_transformer,8,0.9957002457002457,48,#66c2a5
clip_transformer,9,0.993607305936073,48,#66c2a5
clip_transformer,10,0.9935602575896965,48,#66c2a5
clip_transformer,1,0.9203288914091295,49,#66c2a5
clip_transformer,2,0.9940740740740741,49,#66c2a5
clip_transformer,3,0.9965264376688537,49,#66c2a5
clip_transformer,4,0.9962073324905183,49,#66c2a5
clip_transformer,5,0.9960369881109643,49,#66c2a5
clip_transformer,6,0.9967756794104099,49,#66c2a5
clip_transformer,7,0.9967289719626168,49,#66c2a5
clip_transformer,8,0.995840760546643,49,#66c2a5
clip_transformer,9,0.9963614311704063,49,#66c2a5
clip_transformer,10,0.9963503649635036,49,#66c2a5
clip_transformer,1,0.9520621317621853,50,#66c2a5
clip_transformer,2,0.981657848324515,50,#66c2a5
clip_transformer,3,0.9811175337186898,50,#66c2a5
clip_transformer,4,0.976555023923445,50,#66c2a5
clip_transformer,5,0.9781529294935452,50,#66c2a5
clip_transformer,6,0.9964264443120905,50,#66c2a5
clip_transformer,7,0.9958960328317373,50,#66c2a5
clip_transformer,8,0.9956204379562044,50,#66c2a5
clip_transformer,9,0.9955257270693513,50,#66c2a5
clip_transformer,10,0.9961627014581734,50,#66c2a5
clip_transformer,1,0.9590847913862719,51,#66c2a5
clip_transformer,2,0.9824,51,#66c2a5
clip_transformer,3,0.9948124501197126,51,#66c2a5
clip_transformer,4,0.9946347503095336,51,#66c2a5
clip_transformer,5,0.9974093264248705,51,#66c2a5
clip_transformer,6,0.9973878972572922,51,#66c2a5
clip_transformer,7,0.997104247104247,51,#66c2a5
clip_transformer,8,0.99625,51,#66c2a5
clip_transformer,9,0.9942252165543792,51,#66c2a5
clip_transformer,10,0.994059405940594,51,#66c2a5
clip_transformer,1,0.9560301507537688,42,#66c2a5
clip_transformer,2,0.9512735326688815,42,#66c2a5
clip_transformer,3,0.9684542586750788,42,#66c2a5
clip_transformer,4,0.9690887193898033,42,#66c2a5
clip_transformer,5,0.9657965796579658,42,#66c2a5
clip_transformer,6,0.9653916211293261,42,#66c2a5
clip_transformer,7,0.9525316455696202,42,#66c2a5
clip_transformer,8,0.9508196721311475,42,#66c2a5
clip_transformer,9,0.9499332443257676,42,#66c2a5
clip_transformer,10,0.949528936742934,42,#66c2a5
clip_transformer,1,0.9571938168846611,43,#66c2a5
clip_transformer,2,0.9722580645161291,43,#66c2a5
clip_transformer,3,0.970642883686362,43,#66c2a5
clip_transformer,4,0.9695568400770713,43,#66c2a5
clip_transformer,5,0.9626300851466414,43,#66c2a5
clip_transformer,6,0.9622731614135626,43,#66c2a5
clip_transformer,7,0.9551724137931035,43,#66c2a5
clip_transformer,8,0.9258902791145333,43,#66c2a5
clip_transformer,9,0.9253875968992248,43,#66c2a5
clip_transformer,10,0.9137737961926092,43,#66c2a5
clip_transformer,1,0.9679086211585531,44,#66c2a5
clip_transformer,2,0.994916977295832,44,#66c2a5
clip_transformer,3,0.9949293734154292,44,#66c2a5
clip_transformer,4,0.9955123410620793,44,#66c2a5
clip_transformer,5,0.9962121212121212,44,#66c2a5
clip_transformer,6,0.9961059190031153,44,#66c2a5
clip_transformer,7,0.996078431372549,44,#66c2a5
clip_transformer,8,0.9956578376031263,44,#66c2a5
clip_transformer,9,0.9956121105748135,44,#66c2a5
clip_transformer,10,0.9958391123439667,44,#66c2a5
clip_transformer,1,0.964434565156988,45,#66c2a5
clip_transformer,2,0.9721746575342466,45,#66c2a5
clip_transformer,3,0.9703491152558584,45,#66c2a5
clip_transformer,4,0.968511934992382,45,#66c2a5
clip_transformer,5,0.9588948787061995,45,#66c2a5
clip_transformer,6,0.9544436146377894,45,#66c2a5
clip_transformer,7,0.9530046224961479,45,#66c2a5
clip_transformer,8,0.9523064894448788,45,#66c2a5
clip_transformer,9,0.9474590869939707,45,#66c2a5
clip_transformer,10,0.9133522727272727,45,#66c2a5
clip_transformer,1,0.953554841014648,46,#66c2a5
clip_transformer,2,0.9466557242511284,46,#66c2a5
clip_transformer,3,0.9624639076034649,46,#66c2a5
clip_transformer,4,0.9504447268106735,46,#66c2a5
clip_transformer,5,0.9500674763832658,46,#66c2a5
clip_transformer,6,0.9430331023864511,46,#66c2a5
clip_transformer,7,0.9417322834645669,46,#66c2a5
clip_transformer,8,0.9222577209797657,46,#66c2a5
clip_transformer,9,0.9164759725400458,46,#66c2a5
clip_transformer,10,0.9067688378033205,46,#66c2a5
clip_transformer,1,0.951319010062551,47,#66c2a5
clip_transformer,2,0.9951734539969834,47,#66c2a5
clip_transformer,3,0.9952468007312614,47,#66c2a5
clip_transformer,4,0.9955373744886575,47,#66c2a5
clip_transformer,5,0.9954128440366973,47,#66c2a5
clip_transformer,6,0.9958018471872376,47,#66c2a5
clip_transformer,7,0.9957501062473438,47,#66c2a5
clip_transformer,8,0.9954812471757795,47,#66c2a5
clip_transformer,9,0.9954566106315311,47,#66c2a5
clip_transformer,10,0.9953292853806632,47,#66c2a5
clip_transformer,1,0.9596476271668087,48,#66c2a5
clip_transformer,2,0.9748530372305683,48,#66c2a5
clip_transformer,3,0.9911861917003305,48,#66c2a5
clip_transformer,4,0.9930822444273636,48,#66c2a5
clip_transformer,5,0.9915134370579916,48,#66c2a5
clip_transformer,6,0.990909090909091,48,#66c2a5
clip_transformer,7,0.9908210096889342,48,#66c2a5
clip_transformer,8,0.9895577395577395,48,#66c2a5
clip_transformer,9,0.9853881278538813,48,#66c2a5
clip_transformer,10,0.985280588776449,48,#66c2a5
clip_transformer,1,0.919478310178622,49,#66c2a5
clip_transformer,2,0.9918518518518519,49,#66c2a5
clip_transformer,3,0.99266692396758,49,#66c2a5
clip_transformer,4,0.9919932574799831,49,#66c2a5
clip_transformer,5,0.9916336415675914,49,#66c2a5
clip_transformer,6,0.9912482726853984,49,#66c2a5
clip_transformer,7,0.9911214953271028,49,#66c2a5
clip_transformer,8,0.9887106357694593,49,#66c2a5
clip_transformer,9,0.9884778653729533,49,#66c2a5
clip_transformer,10,0.9884428223844283,49,#66c2a5
clip_transformer,1,0.9076057846813069,50,#66c2a5
clip_transformer,2,0.9742504409171076,50,#66c2a5
clip_transformer,3,0.991907514450867,50,#66c2a5
clip_transformer,4,0.9899521531100478,50,#66c2a5
clip_transformer,5,0.9910625620655412,50,#66c2a5
clip_transformer,6,0.9898749255509232,50,#66c2a5
clip_transformer,7,0.9883720930232558,50,#66c2a5
clip_transformer,8,0.9875912408759124,50,#66c2a5
clip_transformer,9,0.9873228933631618,50,#66c2a5
clip_transformer,10,0.9869531849577897,50,#66c2a5
clip_transformer,1,0.9211305518169582,51,#66c2a5
clip_transformer,2,0.97536,51,#66c2a5
clip_transformer,3,0.99122106943336,51,#66c2a5
clip_transformer,4,0.9913330581923235,51,#66c2a5
clip_transformer,5,0.9930915371329879,51,#66c2a5
clip_transformer,6,0.9930343926861123,51,#66c2a5
clip_transformer,7,0.9922779922779923,51,#66c2a5
clip_transformer,8,0.99,51,#66c2a5
clip_transformer,9,0.9855630413859481,51,#66c2a5
clip_transformer,10,0.9851485148514851,51,#66c2a5
clip_transformer,1,0.9412688442211056,42,#66c2a5
clip_transformer,2,0.961609449981543,42,#66c2a5
clip_transformer,3,0.9755520504731862,42,#66c2a5
clip_transformer,4,0.9763147330389402,42,#66c2a5
clip_transformer,5,0.9756975697569757,42,#66c2a5
clip_transformer,6,0.9754098360655737,42,#66c2a5
clip_transformer,7,0.9664556962025317,42,#66c2a5
clip_transformer,8,0.9652459016393443,42,#66c2a5
clip_transformer,9,0.9646194926568759,42,#66c2a5
clip_transformer,10,0.9643337819650067,42,#66c2a5
clip_transformer,1,0.955410225921522,43,#66c2a5
clip_transformer,2,0.9735483870967742,43,#66c2a5
clip_transformer,3,0.9765886287625418,43,#66c2a5
clip_transformer,4,0.9791907514450867,43,#66c2a5
clip_transformer,5,0.9754020813623463,43,#66c2a5
clip_transformer,6,0.9751671442215855,43,#66c2a5
clip_transformer,7,0.9706896551724138,43,#66c2a5
clip_transformer,8,0.9509143407122232,43,#66c2a5
clip_transformer,9,0.9505813953488372,43,#66c2a5
clip_transformer,10,0.9440089585666294,43,#66c2a5
clip_transformer,1,0.967092738645635,44,#66c2a5
clip_transformer,2,0.9881396136902745,44,#66c2a5
clip_transformer,3,0.9880478087649402,44,#66c2a5
clip_transformer,4,0.9913986537023186,44,#66c2a5
clip_transformer,5,0.990909090909091,44,#66c2a5
clip_transformer,6,0.991822429906542,44,#66c2a5
clip_transformer,7,0.991764705882353,44,#66c2a5
clip_transformer,8,0.9947894051237516,44,#66c2a5
clip_transformer,9,0.9947345326897762,44,#66c2a5
clip_transformer,10,0.9958391123439667,44,#66c2a5
clip_transformer,1,0.9666574048346763,45,#66c2a5
clip_transformer,2,0.9803082191780822,45,#66c2a5
clip_transformer,3,0.9780009564801531,45,#66c2a5
clip_transformer,4,0.9776536312849162,45,#66c2a5
clip_transformer,5,0.9703504043126685,45,#66c2a5
clip_transformer,6,0.9678864824495892,45,#66c2a5
clip_transformer,7,0.9668721109399075,45,#66c2a5
clip_transformer,8,0.9663799843627834,45,#66c2a5
clip_transformer,9,0.9646856158484065,45,#66c2a5
clip_transformer,10,0.9417613636363636,45,#66c2a5
clip_transformer,1,0.9585566273669167,46,#66c2a5
clip_transformer,2,0.9536315141567501,46,#66c2a5
clip_transformer,3,0.9701636188642926,46,#66c2a5
clip_transformer,4,0.9618805590851334,46,#66c2a5
clip_transformer,5,0.9615384615384616,46,#66c2a5
clip_transformer,6,0.9568899153194765,46,#66c2a5
clip_transformer,7,0.9559055118110236,46,#66c2a5
clip_transformer,8,0.9403620873269436,46,#66c2a5
clip_transformer,9,0.9359267734553776,46,#66c2a5
clip_transformer,10,0.9284802043422733,46,#66c2a5
clip_transformer,1,0.9265705738373674,47,#66c2a5
clip_transformer,2,0.9885369532428356,47,#66c2a5
clip_transformer,3,0.990127970749543,47,#66c2a5
clip_transformer,4,0.9899590925994793,47,#66c2a5
clip_transformer,5,0.9923547400611621,47,#66c2a5
clip_transformer,6,0.9924433249370277,47,#66c2a5
clip_transformer,7,0.9923501912452188,47,#66c2a5
clip_transformer,8,0.9936737460460913,47,#66c2a5
clip_transformer,9,0.9936392548841436,47,#66c2a5
clip_transformer,10,0.9934609995329285,47,#66c2a5
clip_transformer,1,0.9562375674907644,48,#66c2a5
clip_transformer,2,0.9689745264532985,48,#66c2a5
clip_transformer,3,0.9864120455380095,48,#66c2a5
clip_transformer,4,0.9926979246733282,48,#66c2a5
clip_transformer,5,0.9915134370579916,48,#66c2a5
clip_transformer,6,0.9929292929292929,48,#66c2a5
clip_transformer,7,0.9928607853136155,48,#66c2a5
clip_transformer,8,0.9914004914004914,48,#66c2a5
clip_transformer,9,0.9881278538812786,48,#66c2a5
clip_transformer,10,0.9880404783808647,48,#66c2a5
clip_transformer,1,0.9696626027785653,49,#66c2a5
clip_transformer,2,0.987037037037037,49,#66c2a5
clip_transformer,3,0.987263604785797,49,#66c2a5
clip_transformer,4,0.9890434049726086,49,#66c2a5
clip_transformer,5,0.9889916336415676,49,#66c2a5
clip_transformer,6,0.9898664210041456,49,#66c2a5
clip_transformer,7,0.9897196261682243,49,#66c2a5
clip_transformer,8,0.9869281045751634,49,#66c2a5
clip_transformer,9,0.9872650090964221,49,#66c2a5
clip_transformer,10,0.9872262773722628,49,#66c2a5
clip_transformer,1,0.9480449919657205,50,#66c2a5
clip_transformer,2,0.9696649029982364,50,#66c2a5
clip_transformer,3,0.9853564547206166,50,#66c2a5
clip_transformer,4,0.9856459330143541,50,#66c2a5
clip_transformer,5,0.9865938430983118,50,#66c2a5
clip_transformer,6,0.9857057772483622,50,#66c2a5
clip_transformer,7,0.9856361149110807,50,#66c2a5
clip_transformer,8,0.9861313868613139,50,#66c2a5
clip_transformer,9,0.9858314690529456,50,#66c2a5
clip_transformer,10,0.9869531849577897,50,#66c2a5
clip_transformer,1,0.9601615074024226,51,#66c2a5
clip_transformer,2,0.96736,51,#66c2a5
clip_transformer,3,0.981245011971269,51,#66c2a5
clip_transformer,4,0.9863805200165084,51,#66c2a5
clip_transformer,5,0.9883419689119171,51,#66c2a5
clip_transformer,6,0.9882455376578145,51,#66c2a5
clip_transformer,7,0.9903474903474904,51,#66c2a5
clip_transformer,8,0.986875,51,#66c2a5
clip_transformer,9,0.9817131857555341,51,#66c2a5
clip_transformer,10,0.9811881188118812,51,#66c2a5
clip_transformer,1,0.9626256281407035,42,#66c2a5
clip_transformer,2,0.9789590254706534,42,#66c2a5
clip_transformer,3,0.9783123028391167,42,#66c2a5
clip_transformer,4,0.9779205138498595,42,#66c2a5
clip_transformer,5,0.9756975697569757,42,#66c2a5
clip_transformer,6,0.9754098360655737,42,#66c2a5
clip_transformer,7,0.9664556962025317,42,#66c2a5
clip_transformer,8,0.9652459016393443,42,#66c2a5
clip_transformer,9,0.9646194926568759,42,#66c2a5
clip_transformer,10,0.9643337819650067,42,#66c2a5
clip_transformer,1,0.9753269916765755,43,#66c2a5
clip_transformer,2,0.983225806451613,43,#66c2a5
clip_transformer,3,0.9803047194351542,43,#66c2a5
clip_transformer,4,0.9795761078998073,43,#66c2a5
clip_transformer,5,0.9744560075685903,43,#66c2a5
clip_transformer,6,0.9742120343839542,43,#66c2a5
clip_transformer,7,0.9695402298850575,43,#66c2a5
clip_transformer,8,0.9489894128970163,43,#66c2a5
clip_transformer,9,0.9486434108527132,43,#66c2a5
clip_transformer,10,0.9406494960806271,43,#66c2a5
clip_transformer,1,0.9825945063910797,44,#66c2a5
clip_transformer,2,0.9942392409352762,44,#66c2a5
clip_transformer,3,0.9945671858022456,44,#66c2a5
clip_transformer,4,0.9951383694839192,44,#66c2a5
clip_transformer,5,0.9950757575757576,44,#66c2a5
clip_transformer,6,0.9949376947040498,44,#66c2a5
clip_transformer,7,0.9949019607843137,44,#66c2a5
clip_transformer,8,0.9943551888840643,44,#66c2a5
clip_transformer,9,0.9942957437472576,44,#66c2a5
clip_transformer,10,0.9939898289412853,44,#66c2a5
clip_transformer,1,0.982217282578494,45,#66c2a5
clip_transformer,2,0.9790239726027398,45,#66c2a5
clip_transformer,3,0.9780009564801531,45,#66c2a5
clip_transformer,4,0.9761300152361605,45,#66c2a5
clip_transformer,5,0.9690026954177897,45,#66c2a5
clip_transformer,6,0.9663928304705004,45,#66c2a5
clip_transformer,7,0.9653312788906009,45,#66c2a5
clip_transformer,8,0.9648162627052385,45,#66c2a5
clip_transformer,9,0.9612403100775194,45,#66c2a5
clip_transformer,10,0.9360795454545454,45,#66c2a5
clip_transformer,1,0.9753483386923901,46,#66c2a5
clip_transformer,2,0.975789905621666,46,#66c2a5
clip_transformer,3,0.9735322425409048,46,#66c2a5
clip_transformer,4,0.9650571791613723,46,#66c2a5
clip_transformer,5,0.9628879892037787,46,#66c2a5
clip_transformer,6,0.9584295612009238,46,#66c2a5
clip_transformer,7,0.9574803149606299,46,#66c2a5
clip_transformer,8,0.9424920127795527,46,#66c2a5
clip_transformer,9,0.9382151029748284,46,#66c2a5
clip_transformer,10,0.9323116219667944,46,#66c2a5
clip_transformer,1,0.9763394071253739,47,#66c2a5
clip_transformer,2,0.9945701357466064,47,#66c2a5
clip_transformer,3,0.9952468007312614,47,#66c2a5
clip_transformer,4,0.9955373744886575,47,#66c2a5
clip_transformer,5,0.9954128440366973,47,#66c2a5
clip_transformer,6,0.9949622166246851,47,#66c2a5
clip_transformer,7,0.9949001274968126,47,#66c2a5
clip_transformer,8,0.9950293718933574,47,#66c2a5
clip_transformer,9,0.9950022716946842,47,#66c2a5
clip_transformer,10,0.9948622139187295,47,#66c2a5
clip_transformer,1,0.9698778061949418,48,#66c2a5
clip_transformer,2,0.9931417374265186,48,#66c2a5
clip_transformer,3,0.9933896437752479,48,#66c2a5
clip_transformer,4,0.9934665641813989,48,#66c2a5
clip_transformer,5,0.991984912776992,48,#66c2a5
clip_transformer,6,0.9914141414141414,48,#66c2a5
clip_transformer,7,0.9913309535951046,48,#66c2a5
clip_transformer,8,0.9895577395577395,48,#66c2a5
clip_transformer,9,0.9844748858447488,48,#66c2a5
clip_transformer,10,0.984360625574977,48,#66c2a5
clip_transformer,1,0.9832719024666856,49,#66c2a5
clip_transformer,2,0.9922222222222222,49,#66c2a5
clip_transformer,3,0.9922809725974527,49,#66c2a5
clip_transformer,4,0.9919932574799831,49,#66c2a5
clip_transformer,5,0.9916336415675914,49,#66c2a5
clip_transformer,6,0.9917088899124827,49,#66c2a5
clip_transformer,7,0.991588785046729,49,#66c2a5
clip_transformer,8,0.9893048128342246,49,#66c2a5
clip_transformer,9,0.989084293511219,49,#66c2a5
clip_transformer,10,0.9890510948905109,49,#66c2a5
clip_transformer,1,0.9874129619710766,50,#66c2a5
clip_transformer,2,0.9904761904761905,50,#66c2a5
clip_transformer,3,0.9903660886319846,50,#66c2a5
clip_transformer,4,0.9880382775119617,50,#66c2a5
clip_transformer,5,0.9880834160873883,50,#66c2a5
clip_transformer,6,0.9874925550923168,50,#66c2a5
clip_transformer,7,0.9856361149110807,50,#66c2a5
clip_transformer,8,0.9854014598540146,50,#66c2a5
clip_transformer,9,0.9850857568978374,50,#66c2a5
clip_transformer,10,0.9846508058326938,50,#66c2a5
clip_transformer,1,0.9827725437415882,51,#66c2a5
clip_transformer,2,0.99104,51,#66c2a5
clip_transformer,3,0.9920191540303273,51,#66c2a5
clip_transformer,4,0.9917457697069748,51,#66c2a5
clip_transformer,5,0.9913644214162349,51,#66c2a5
clip_transformer,6,0.9912929908576404,51,#66c2a5
clip_transformer,7,0.9908301158301158,51,#66c2a5
clip_transformer,8,0.988125,51,#66c2a5
clip_transformer,9,0.9817131857555341,51,#66c2a5
clip_transformer,10,0.9811881188118812,51,#66c2a5
clip_transformer,1,0.9764447236180904,42,#66c2a5
clip_transformer,2,0.9856035437430787,42,#66c2a5
clip_transformer,3,0.98698738170347,42,#66c2a5
clip_transformer,4,0.9867523083099157,42,#66c2a5
clip_transformer,5,0.9851485148514851,42,#66c2a5
clip_transformer,6,0.9849726775956285,42,#66c2a5
clip_transformer,7,0.979746835443038,42,#66c2a5
clip_transformer,8,0.9790163934426229,42,#66c2a5
clip_transformer,9,0.9786381842456608,42,#66c2a5
clip_transformer,10,0.9784656796769852,42,#66c2a5
clip_transformer,1,0.9875148632580262,43,#66c2a5
clip_transformer,2,0.9883870967741936,43,#66c2a5
clip_transformer,3,0.9873652917131178,43,#66c2a5
clip_transformer,4,0.986897880539499,43,#66c2a5
clip_transformer,5,0.9839167455061495,43,#66c2a5
clip_transformer,6,0.9837631327602674,43,#66c2a5
clip_transformer,7,0.9810344827586207,43,#66c2a5
clip_transformer,8,0.9682386910490857,43,#66c2a5
clip_transformer,9,0.9680232558139535,43,#66c2a5
clip_transformer,10,0.9630459126539753,43,#66c2a5
clip_transformer,1,0.9874898014685886,44,#66c2a5
clip_transformer,2,0.994578109115554,44,#66c2a5
clip_transformer,3,0.9949293734154292,44,#66c2a5
clip_transformer,4,0.9947643979057592,44,#66c2a5
clip_transformer,5,0.9946969696969697,44,#66c2a5
clip_transformer,6,0.9945482866043613,44,#66c2a5
clip_transformer,7,0.9945098039215686,44,#66c2a5
clip_transformer,8,0.993920972644377,44,#66c2a5
clip_transformer,9,0.9938569548047389,44,#66c2a5
clip_transformer,10,0.9935275080906149,44,#66c2a5
clip_transformer,1,0.9883300916921367,45,#66c2a5
clip_transformer,2,0.9888698630136986,45,#66c2a5
clip_transformer,3,0.9880439980870397,45,#66c2a5
clip_transformer,4,0.9873031995937024,45,#66c2a5
clip_transformer,5,0.9838274932614556,45,#66c2a5
clip_transformer,6,0.9820761762509336,45,#66c2a5
clip_transformer,7,0.9815100154083205,45,#66c2a5
clip_transformer,8,0.9812353401094606,45,#66c2a5
clip_transformer,9,0.979328165374677,45,#66c2a5
clip_transformer,10,0.9659090909090909,45,#66c2a5
clip_transformer,1,0.9892818863879957,46,#66c2a5
clip_transformer,2,0.9881001231021748,46,#66c2a5
clip_transformer,3,0.987487969201155,46,#66c2a5
clip_transformer,4,0.9834815756035579,46,#66c2a5
clip_transformer,5,0.9824561403508771,46,#66c2a5
clip_transformer,6,0.9799846035411856,46,#66c2a5
clip_transformer,7,0.9795275590551181,46,#66c2a5
clip_transformer,8,0.9733759318423855,46,#66c2a5
clip_transformer,9,0.971395881006865,46,#66c2a5
clip_transformer,10,0.9693486590038314,46,#66c2a5
clip_transformer,1,0.9899374490073429,47,#66c2a5
clip_transformer,2,0.9981900452488688,47,#66c2a5
clip_transformer,3,0.9985374771480804,47,#66c2a5
clip_transformer,4,0.9988843436221644,47,#66c2a5
clip_transformer,5,0.9988532110091743,47,#66c2a5
clip_transformer,6,0.9987405541561712,47,#66c2a5
clip_transformer,7,0.9987250318742031,47,#66c2a5
clip_transformer,8,0.9986443741527339,47,#66c2a5
clip_transformer,9,0.9986369831894594,47,#66c2a5
clip_transformer,10,0.998598785614199,47,#66c2a5
clip_transformer,1,0.9840863881784598,48,#66c2a5
clip_transformer,2,0.9905290659699543,48,#66c2a5
clip_transformer,3,0.9915534337128168,48,#66c2a5
clip_transformer,4,0.9919292851652575,48,#66c2a5
clip_transformer,5,0.9900990099009901,48,#66c2a5
clip_transformer,6,0.9893939393939394,48,#66c2a5
clip_transformer,7,0.9892911779704232,48,#66c2a5
clip_transformer,8,0.9877149877149877,48,#66c2a5
clip_transformer,9,0.9817351598173516,48,#66c2a5
clip_transformer,10,0.9816007359705612,48,#66c2a5
clip_transformer,1,0.9926282960022682,49,#66c2a5
clip_transformer,2,0.9940740740740741,49,#66c2a5
clip_transformer,3,0.9949826321883443,49,#66c2a5
clip_transformer,4,0.9949431099873578,49,#66c2a5
clip_transformer,5,0.9947159841479525,49,#66c2a5
clip_transformer,6,0.9944725932749885,49,#66c2a5
clip_transformer,7,0.994392523364486,49,#66c2a5
clip_transformer,8,0.9928698752228164,49,#66c2a5
clip_transformer,9,0.9927228623408126,49,#66c2a5
clip_transformer,10,0.9927007299270073,49,#66c2a5
clip_transformer,1,0.9887520085698982,50,#66c2a5
clip_transformer,2,0.9908289241622575,50,#66c2a5
clip_transformer,3,0.991907514450867,50,#66c2a5
clip_transformer,4,0.9899521531100478,50,#66c2a5
clip_transformer,5,0.9895729890764647,50,#66c2a5
clip_transformer,6,0.9880881477069684,50,#66c2a5
clip_transformer,7,0.9863201094391245,50,#66c2a5
clip_transformer,8,0.9854014598540146,50,#66c2a5
clip_transformer,9,0.9850857568978374,50,#66c2a5
clip_transformer,10,0.9846508058326938,50,#66c2a5
clip_transformer,1,0.9935397039030955,51,#66c2a5
clip_transformer,2,0.99424,51,#66c2a5
clip_transformer,3,0.9948124501197126,51,#66c2a5
clip_transformer,4,0.9954601733388362,51,#66c2a5
clip_transformer,5,0.9952504317789291,51,#66c2a5
clip_transformer,6,0.9952111449717023,51,#66c2a5
clip_transformer,7,0.9946911196911197,51,#66c2a5
clip_transformer,8,0.993125,51,#66c2a5
clip_transformer,9,0.9894128970163619,51,#66c2a5
clip_transformer,10,0.9891089108910891,51,#66c2a5
cosine,1,0.3479899497487437,42,#fc8d62
cosine,2,0.5754891103728313,42,#fc8d62
cosine,3,0.6581230283911672,42,#fc8d62
cosine,4,0.6615816940987556,42,#fc8d62
cosine,5,0.7047704770477048,42,#fc8d62
cosine,6,0.7122040072859745,42,#fc8d62
cosine,7,0.7139240506329114,42,#fc8d62
cosine,8,0.7114754098360656,42,#fc8d62
cosine,9,0.712283044058745,42,#fc8d62
cosine,10,0.7126514131897712,42,#fc8d62
cosine,1,0.27110582639714625,43,#fc8d62
cosine,2,0.3225806451612903,43,#fc8d62
cosine,3,0.42177629134150874,43,#fc8d62
cosine,4,0.5938342967244702,43,#fc8d62
cosine,5,0.6381267738883633,43,#fc8d62
cosine,6,0.6814708691499523,43,#fc8d62
cosine,7,0.717816091954023,43,#fc8d62
cosine,8,0.7025986525505293,43,#fc8d62
cosine,9,0.7093023255813954,43,#fc8d62
cosine,10,0.7200447928331467,43,#fc8d62
cosine,1,0.22137612183845526,44,#fc8d62
cosine,2,0.5347339884784819,44,#fc8d62
cosine,3,0.604491126403477,44,#fc8d62
cosine,4,0.6219147344801795,44,#fc8d62
cosine,5,0.6996212121212121,44,#fc8d62
cosine,6,0.7001557632398754,44,#fc8d62
cosine,7,0.7011764705882353,44,#fc8d62
cosine,8,0.7529309596178897,44,#fc8d62
cosine,9,0.7529618253620008,44,#fc8d62
cosine,10,0.7725381414701803,44,#fc8d62
cosine,1,0.3459294248402334,45,#fc8d62
cosine,2,0.509417808219178,45,#fc8d62
cosine,3,0.5968436154949784,45,#fc8d62
cosine,4,0.6348400203148806,45,#fc8d62
cosine,5,0.637466307277628,45,#fc8d62
cosine,6,0.7356235997012696,45,#fc8d62
cosine,7,0.7380585516178737,45,#fc8d62
cosine,8,0.7474589523064894,45,#fc8d62
cosine,9,0.7484926787252368,45,#fc8d62
cosine,10,0.6264204545454546,45,#fc8d62
cosine,1,0.44337263308324404,46,#fc8d62
cosine,2,0.5588838736151005,46,#fc8d62
cosine,3,0.634744947064485,46,#fc8d62
cosine,4,0.5622617534942821,46,#fc8d62
cosine,5,0.5856950067476383,46,#fc8d62
cosine,6,0.5658198614318707,46,#fc8d62
cosine,7,0.5708661417322834,46,#fc8d62
cosine,8,0.5931842385516507,46,#fc8d62
cosine,9,0.5892448512585813,46,#fc8d62
cosine,10,0.7100893997445722,46,#fc8d62
cosine,1,0.4381289094370411,47,#fc8d62
cosine,2,0.6274509803921569,47,#fc8d62
cosine,3,0.6314442413162705,47,#fc8d62
cosine,4,0.6381554481219784,47,#fc8d62
cosine,5,0.6422018348623854,47,#fc8d62
cosine,6,0.6700251889168766,47,#fc8d62
cosine,7,0.6727581810454739,47,#fc8d62
cosine,8,0.6732941708088568,47,#fc8d62
cosine,9,0.6778736937755566,47,#fc8d62
cosine,10,0.6875291919663709,47,#fc8d62
cosine,1,0.36231884057971014,48,#fc8d62
cosine,2,0.6603527106466361,48,#fc8d62
cosine,3,0.6683804627249358,48,#fc8d62
cosine,4,0.7006149116064566,48,#fc8d62
cosine,5,0.7105139085337105,48,#fc8d62
cosine,6,0.7227272727272728,48,#fc8d62
cosine,7,0.7231004589495156,48,#fc8d62
cosine,8,0.7168304668304668,48,#fc8d62
cosine,9,0.6648401826484018,48,#fc8d62
cosine,10,0.6632934682612696,48,#fc8d62
cosine,1,0.2823929685284945,49,#fc8d62
cosine,2,0.5344444444444445,49,#fc8d62
cosine,3,0.6356619065997684,49,#fc8d62
cosine,4,0.7572692793931732,49,#fc8d62
cosine,5,0.7868780273007485,49,#fc8d62
cosine,6,0.787655458314141,49,#fc8d62
cosine,7,0.7901869158878505,49,#fc8d62
cosine,8,0.8235294117647058,49,#fc8d62
cosine,9,0.8302001212856277,49,#fc8d62
cosine,10,0.8552311435523114,49,#fc8d62
cosine,1,0.3347616497054097,50,#fc8d62
cosine,2,0.61657848324515,50,#fc8d62
cosine,3,0.6042389210019268,50,#fc8d62
cosine,4,0.5952153110047846,50,#fc8d62
cosine,5,0.7060575968222443,50,#fc8d62
cosine,6,0.7701012507444908,50,#fc8d62
cosine,7,0.7346101231190151,50,#fc8d62
cosine,8,0.7299270072992701,50,#fc8d62
cosine,9,0.7412378821774795,50,#fc8d62
cosine,10,0.7490406753645433,50,#fc8d62
cosine,1,0.20403768506056527,51,#fc8d62
cosine,2,0.46144,51,#fc8d62
cosine,3,0.4704708699122107,51,#fc8d62
cosine,4,0.6384647131654974,51,#fc8d62
cosine,5,0.6541450777202072,51,#fc8d62
cosine,6,0.6608619939050936,51,#fc8d62
cosine,7,0.6916023166023166,51,#fc8d62
cosine,8,0.61625,51,#fc8d62
cosine,9,0.5582290664100096,51,#fc8d62
cosine,10,0.5623762376237624,51,#fc8d62
maldi_transformer_ts,1,0.8652638190954773,42,#a6d854
maldi_transformer_ts,2,0.9221114802510151,42,#a6d854
maldi_transformer_ts,3,0.9341482649842271,42,#a6d854
maldi_transformer_ts,4,0.9421918908069049,42,#a6d854
maldi_transformer_ts,5,0.9558955895589559,42,#a6d854
maldi_transformer_ts,6,0.9558287795992714,42,#a6d854
maldi_transformer_ts,7,0.9411392405063291,42,#a6d854
maldi_transformer_ts,8,0.939016393442623,42,#a6d854
maldi_transformer_ts,9,0.937917222963952,42,#a6d854
maldi_transformer_ts,10,0.9380888290713324,42,#a6d854
maldi_transformer_ts,1,0.8483947681331748,43,#a6d854
maldi_transformer_ts,2,0.9141935483870968,43,#a6d854
maldi_transformer_ts,3,0.9602378298030472,43,#a6d854
maldi_transformer_ts,4,0.9595375722543352,43,#a6d854
maldi_transformer_ts,5,0.9526963103122044,43,#a6d854
maldi_transformer_ts,6,0.9522445081184336,43,#a6d854
maldi_transformer_ts,7,0.9482758620689655,43,#a6d854
maldi_transformer_ts,8,0.9143407122232916,43,#a6d854
maldi_transformer_ts,9,0.9137596899224806,43,#a6d854
maldi_transformer_ts,10,0.9025755879059351,43,#a6d854
maldi_transformer_ts,1,0.8273048680989937,44,#a6d854
maldi_transformer_ts,2,0.9213825821755337,44,#a6d854
maldi_transformer_ts,3,0.9326331039478449,44,#a6d854
maldi_transformer_ts,4,0.9341810022438295,44,#a6d854
maldi_transformer_ts,5,0.9810606060606061,44,#a6d854
maldi_transformer_ts,6,0.9813084112149533,44,#a6d854
maldi_transformer_ts,7,0.9819607843137255,44,#a6d854
maldi_transformer_ts,8,0.9874077290490665,44,#a6d854
maldi_transformer_ts,9,0.9872751206669592,44,#a6d854
maldi_transformer_ts,10,0.9870550161812298,44,#a6d854
maldi_transformer_ts,1,0.8799666574048347,45,#a6d854
maldi_transformer_ts,2,0.8505993150684932,45,#a6d854
maldi_transformer_ts,3,0.8660927785748446,45,#a6d854
maldi_transformer_ts,4,0.8557643473844592,45,#a6d854
maldi_transformer_ts,5,0.8915094339622641,45,#a6d854
maldi_transformer_ts,6,0.8812546676624347,45,#a6d854
maldi_transformer_ts,7,0.8805855161787365,45,#a6d854
maldi_transformer_ts,8,0.8803752931978108,45,#a6d854
maldi_transformer_ts,9,0.8690783807062877,45,#a6d854
maldi_transformer_ts,10,0.7855113636363636,45,#a6d854
maldi_transformer_ts,1,0.7484816005716327,46,#a6d854
maldi_transformer_ts,2,0.9450143619203939,46,#a6d854
maldi_transformer_ts,3,0.9480269489894129,46,#a6d854
maldi_transformer_ts,4,0.9351969504447268,46,#a6d854
maldi_transformer_ts,5,0.9338731443994602,46,#a6d854
maldi_transformer_ts,6,0.9284064665127021,46,#a6d854
maldi_transformer_ts,7,0.9275590551181102,46,#a6d854
maldi_transformer_ts,8,0.9137380191693291,46,#a6d854
maldi_transformer_ts,9,0.9073226544622426,46,#a6d854
maldi_transformer_ts,10,0.8978288633461047,46,#a6d854
maldi_transformer_ts,1,0.8376393799292902,47,#a6d854
maldi_transformer_ts,2,0.9375565610859729,47,#a6d854
maldi_transformer_ts,3,0.9341864716636198,47,#a6d854
maldi_transformer_ts,4,0.9386388992190405,47,#a6d854
maldi_transformer_ts,5,0.9380733944954128,47,#a6d854
maldi_transformer_ts,6,0.947103274559194,47,#a6d854
maldi_transformer_ts,7,0.9464513387165321,47,#a6d854
maldi_transformer_ts,8,0.9444193402620876,47,#a6d854
maldi_transformer_ts,9,0.9468423443889141,47,#a6d854
maldi_transformer_ts,10,0.9453526389537599,47,#a6d854
maldi_transformer_ts,1,0.8539357772094345,48,#a6d854
maldi_transformer_ts,2,0.9043109079033311,48,#a6d854
maldi_transformer_ts,3,0.914799853103195,48,#a6d854
maldi_transformer_ts,4,0.9734819369715604,48,#a6d854
maldi_transformer_ts,5,0.967939651107968,48,#a6d854
maldi_transformer_ts,6,0.9676767676767677,48,#a6d854
maldi_transformer_ts,7,0.9688934217236104,48,#a6d854
maldi_transformer_ts,8,0.9766584766584766,48,#a6d854
maldi_transformer_ts,9,0.965296803652968,48,#a6d854
maldi_transformer_ts,10,0.9650413983440662,48,#a6d854
maldi_transformer_ts,1,0.7573008222285228,49,#a6d854
maldi_transformer_ts,2,0.942962962962963,49,#a6d854
maldi_transformer_ts,3,0.9687379390196835,49,#a6d854
maldi_transformer_ts,4,0.9726085124315212,49,#a6d854
maldi_transformer_ts,5,0.9766622633201233,49,#a6d854
maldi_transformer_ts,6,0.9829571625978811,49,#a6d854
maldi_transformer_ts,7,0.9827102803738318,49,#a6d854
maldi_transformer_ts,8,0.9786096256684492,49,#a6d854
maldi_transformer_ts,9,0.9781685870224378,49,#a6d854
maldi_transformer_ts,10,0.9781021897810219,49,#a6d854
maldi_transformer_ts,1,0.7512051419389395,50,#a6d854
maldi_transformer_ts,2,0.9576719576719577,50,#a6d854
maldi_transformer_ts,3,0.9660886319845857,50,#a6d854
maldi_transformer_ts,4,0.9645933014354067,50,#a6d854
maldi_transformer_ts,5,0.9692154915590864,50,#a6d854
maldi_transformer_ts,6,0.9749851101846337,50,#a6d854
maldi_transformer_ts,7,0.9712722298221614,50,#a6d854
maldi_transformer_ts,8,0.972992700729927,50,#a6d854
maldi_transformer_ts,9,0.9724086502609992,50,#a6d854
maldi_transformer_ts,10,0.9716039907904835,50,#a6d854
maldi_transformer_ts,1,0.8255720053835801,51,#a6d854
maldi_transformer_ts,2,0.90432,51,#a6d854
maldi_transformer_ts,3,0.9588986432561851,51,#a6d854
maldi_transformer_ts,4,0.9653322327692943,51,#a6d854
maldi_transformer_ts,5,0.9710708117443869,51,#a6d854
maldi_transformer_ts,6,0.9717022202873313,51,#a6d854
maldi_transformer_ts,7,0.9777992277992278,51,#a6d854
maldi_transformer_ts,8,0.97375,51,#a6d854
maldi_transformer_ts,9,0.960538979788258,51,#a6d854
maldi_transformer_ts,10,0.9623762376237623,51,#a6d854
maldi_transformer_ts,1,0.8228643216080402,42,#a6d854
maldi_transformer_ts,2,0.9235880398671097,42,#a6d854
maldi_transformer_ts,3,0.9428233438485805,42,#a6d854
maldi_transformer_ts,4,0.9482135688478522,42,#a6d854
maldi_transformer_ts,5,0.9518451845184518,42,#a6d854
maldi_transformer_ts,6,0.9517304189435337,42,#a6d854
maldi_transformer_ts,7,0.9329113924050633,42,#a6d854
maldi_transformer_ts,8,0.9304918032786885,42,#a6d854
maldi_transformer_ts,9,0.9292389853137517,42,#a6d854
maldi_transformer_ts,10,0.9293405114401077,42,#a6d854
maldi_transformer_ts,1,0.6313912009512486,43,#a6d854
maldi_transformer_ts,2,0.7329032258064516,43,#a6d854
maldi_transformer_ts,3,0.9345968041620215,43,#a6d854
maldi_transformer_ts,4,0.9441233140655106,43,#a6d854
maldi_transformer_ts,5,0.9380321665089877,43,#a6d854
maldi_transformer_ts,6,0.9393505253104107,43,#a6d854
maldi_transformer_ts,7,0.9396551724137931,43,#a6d854
maldi_transformer_ts,8,0.8989412897016362,43,#a6d854
maldi_transformer_ts,9,0.8982558139534884,43,#a6d854
maldi_transformer_ts,10,0.883538633818589,43,#a6d854
maldi_transformer_ts,1,0.6837095458254011,44,#a6d854
maldi_transformer_ts,2,0.9041003049813623,44,#a6d854
maldi_transformer_ts,3,0.913074972835929,44,#a6d854
maldi_transformer_ts,4,0.9450261780104712,44,#a6d854
maldi_transformer_ts,5,0.9515151515151515,44,#a6d854
maldi_transformer_ts,6,0.9509345794392523,44,#a6d854
maldi_transformer_ts,7,0.9513725490196079,44,#a6d854
maldi_transformer_ts,8,0.9839339991315675,44,#a6d854
maldi_transformer_ts,9,0.9842035980693287,44,#a6d854
maldi_transformer_ts,10,0.984743411927878,44,#a6d854
maldi_transformer_ts,1,0.8343984440122256,45,#a6d854
maldi_transformer_ts,2,0.863013698630137,45,#a6d854
maldi_transformer_ts,3,0.8756575801052128,45,#a6d854
maldi_transformer_ts,4,0.8821736922295581,45,#a6d854
maldi_transformer_ts,5,0.9022911051212938,45,#a6d854
maldi_transformer_ts,6,0.8932038834951457,45,#a6d854
maldi_transformer_ts,7,0.8906009244992296,45,#a6d854
maldi_transformer_ts,8,0.8889757623143081,45,#a6d854
maldi_transformer_ts,9,0.8776916451335056,45,#a6d854
maldi_transformer_ts,10,0.7982954545454546,45,#a6d854
maldi_transformer_ts,1,0.7677742050732405,46,#a6d854
maldi_transformer_ts,2,0.9097250718096019,46,#a6d854
maldi_transformer_ts,3,0.9263715110683349,46,#a6d854
maldi_transformer_ts,4,0.9027954256670903,46,#a6d854
maldi_transformer_ts,5,0.9230769230769231,46,#a6d854
maldi_transformer_ts,6,0.9168591224018475,46,#a6d854
maldi_transformer_ts,7,0.9149606299212598,46,#a6d854
maldi_transformer_ts,8,0.9084132055378061,46,#a6d854
maldi_transformer_ts,9,0.9038901601830663,46,#a6d854
maldi_transformer_ts,10,0.8939974457215837,46,#a6d854
maldi_transformer_ts,1,0.8172423171063367,47,#a6d854
maldi_transformer_ts,2,0.9279034690799397,47,#a6d854
maldi_transformer_ts,3,0.9338208409506399,47,#a6d854
maldi_transformer_ts,4,0.9408702119747118,47,#a6d854
maldi_transformer_ts,5,0.9441896024464832,47,#a6d854
maldi_transformer_ts,6,0.9424853064651554,47,#a6d854
maldi_transformer_ts,7,0.9417764555886103,47,#a6d854
maldi_transformer_ts,8,0.9399005874378672,47,#a6d854
maldi_transformer_ts,9,0.9395729213993639,47,#a6d854
maldi_transformer_ts,10,0.9378794955628211,47,#a6d854
maldi_transformer_ts,1,0.7684001136686559,48,#a6d854
maldi_transformer_ts,2,0.9216198563030699,48,#a6d854
maldi_transformer_ts,3,0.9386705839147998,48,#a6d854
maldi_transformer_ts,4,0.9681014604150653,48,#a6d854
maldi_transformer_ts,5,0.9632248939179632,48,#a6d854
maldi_transformer_ts,6,0.9621212121212122,48,#a6d854
maldi_transformer_ts,7,0.9617542070372259,48,#a6d854
maldi_transformer_ts,8,0.9588452088452089,48,#a6d854
maldi_transformer_ts,9,0.9388127853881278,48,#a6d854
maldi_transformer_ts,10,0.9392824287028518,48,#a6d854
maldi_transformer_ts,1,0.6694074284094131,49,#a6d854
maldi_transformer_ts,2,0.9244444444444444,49,#a6d854
maldi_transformer_ts,3,0.9737553068313393,49,#a6d854
maldi_transformer_ts,4,0.9793510324483776,49,#a6d854
maldi_transformer_ts,5,0.980625275209159,49,#a6d854
maldi_transformer_ts,6,0.9824965453707969,49,#a6d854
maldi_transformer_ts,7,0.9822429906542056,49,#a6d854
maldi_transformer_ts,8,0.978015448603684,49,#a6d854
maldi_transformer_ts,9,0.9775621588841722,49,#a6d854
maldi_transformer_ts,10,0.9774939172749392,49,#a6d854
maldi_transformer_ts,1,0.7086234600964113,50,#a6d854
maldi_transformer_ts,2,0.9097001763668431,50,#a6d854
maldi_transformer_ts,3,0.9398843930635838,50,#a6d854
maldi_transformer_ts,4,0.9550239234449761,50,#a6d854
maldi_transformer_ts,5,0.9597815292949354,50,#a6d854
maldi_transformer_ts,6,0.9684335914234663,50,#a6d854
maldi_transformer_ts,7,0.9637482900136799,50,#a6d854
maldi_transformer_ts,8,0.9656934306569344,50,#a6d854
maldi_transformer_ts,9,0.9656972408650261,50,#a6d854
maldi_transformer_ts,10,0.9646968534151957,50,#a6d854
maldi_transformer_ts,1,0.720592193808883,51,#a6d854
maldi_transformer_ts,2,0.82048,51,#a6d854
maldi_transformer_ts,3,0.8539505187549881,51,#a6d854
maldi_transformer_ts,4,0.9570780024762691,51,#a6d854
maldi_transformer_ts,5,0.9645941278065631,51,#a6d854
maldi_transformer_ts,6,0.9643012625163256,51,#a6d854
maldi_transformer_ts,7,0.972007722007722,51,#a6d854
maldi_transformer_ts,8,0.96375,51,#a6d854
maldi_transformer_ts,9,0.9470644850818094,51,#a6d854
maldi_transformer_ts,10,0.9465346534653465,51,#a6d854
maldi_transformer_ts,1,0.9120603015075377,42,#a6d854
maldi_transformer_ts,2,0.9427833148763382,42,#a6d854
maldi_transformer_ts,3,0.9566246056782335,42,#a6d854
maldi_transformer_ts,4,0.9606583701324769,42,#a6d854
maldi_transformer_ts,5,0.9572457245724573,42,#a6d854
maldi_transformer_ts,6,0.9567395264116576,42,#a6d854
maldi_transformer_ts,7,0.939873417721519,42,#a6d854
maldi_transformer_ts,8,0.9383606557377049,42,#a6d854
maldi_transformer_ts,9,0.9372496662216289,42,#a6d854
maldi_transformer_ts,10,0.9367429340511441,42,#a6d854
maldi_transformer_ts,1,0.902794292508918,43,#a6d854
maldi_transformer_ts,2,0.9403225806451613,43,#a6d854
maldi_transformer_ts,3,0.9513192121887774,43,#a6d854
maldi_transformer_ts,4,0.9522157996146435,43,#a6d854
maldi_transformer_ts,5,0.9408703878902555,43,#a6d854
maldi_transformer_ts,6,0.940305635148042,43,#a6d854
maldi_transformer_ts,7,0.9293103448275862,43,#a6d854
maldi_transformer_ts,8,0.8825794032723773,43,#a6d854
maldi_transformer_ts,9,0.8817829457364341,43,#a6d854
maldi_transformer_ts,10,0.8633818589025756,43,#a6d854
maldi_transformer_ts,1,0.8335599673646995,44,#a6d854
maldi_transformer_ts,2,0.9589969501863775,44,#a6d854
maldi_transformer_ts,3,0.9833393697935531,44,#a6d854
maldi_transformer_ts,4,0.9850411368735976,44,#a6d854
maldi_transformer_ts,5,0.9886363636363636,44,#a6d854
maldi_transformer_ts,6,0.9883177570093458,44,#a6d854
maldi_transformer_ts,7,0.9882352941176471,44,#a6d854
maldi_transformer_ts,8,0.9874077290490665,44,#a6d854
maldi_transformer_ts,9,0.9872751206669592,44,#a6d854
maldi_transformer_ts,10,0.9865926953305594,44,#a6d854
maldi_transformer_ts,1,0.8821894970825229,45,#a6d854
maldi_transformer_ts,2,0.9075342465753424,45,#a6d854
maldi_transformer_ts,3,0.9100908656145384,45,#a6d854
maldi_transformer_ts,4,0.9080751650584052,45,#a6d854
maldi_transformer_ts,5,0.8807277628032345,45,#a6d854
maldi_transformer_ts,6,0.871545929798357,45,#a6d854
maldi_transformer_ts,7,0.8674884437596302,45,#a6d854
maldi_transformer_ts,8,0.8655199374511336,45,#a6d854
maldi_transformer_ts,9,0.8518518518518519,45,#a6d854
maldi_transformer_ts,10,0.7556818181818182,45,#a6d854
maldi_transformer_ts,1,0.8478027867095391,46,#a6d854
maldi_transformer_ts,2,0.9208042675420599,46,#a6d854
maldi_transformer_ts,3,0.9494706448508181,46,#a6d854
maldi_transformer_ts,4,0.9358322744599746,46,#a6d854
maldi_transformer_ts,5,0.9358974358974359,46,#a6d854
maldi_transformer_ts,6,0.930715935334873,46,#a6d854
maldi_transformer_ts,7,0.9291338582677166,46,#a6d854
maldi_transformer_ts,8,0.9073482428115016,46,#a6d854
maldi_transformer_ts,9,0.9004576659038902,46,#a6d854
maldi_transformer_ts,10,0.8888888888888888,46,#a6d854
maldi_transformer_ts,1,0.8623878161544738,47,#a6d854
maldi_transformer_ts,2,0.92579185520362,47,#a6d854
maldi_transformer_ts,3,0.9411334552102376,47,#a6d854
maldi_transformer_ts,4,0.9378951283004835,47,#a6d854
maldi_transformer_ts,5,0.9403669724770642,47,#a6d854
maldi_transformer_ts,6,0.9374475230898405,47,#a6d854
maldi_transformer_ts,7,0.9362515937101572,47,#a6d854
maldi_transformer_ts,8,0.9308630817894261,47,#a6d854
maldi_transformer_ts,9,0.9304861426624261,47,#a6d854
maldi_transformer_ts,10,0.9280709948622139,47,#a6d854
maldi_transformer_ts,1,0.8167092924126172,48,#a6d854
maldi_transformer_ts,2,0.9516655780535598,48,#a6d854
maldi_transformer_ts,3,0.961439588688946,48,#a6d854
maldi_transformer_ts,4,0.9657955418908531,48,#a6d854
maldi_transformer_ts,5,0.9566242338519566,48,#a6d854
maldi_transformer_ts,6,0.9535353535353536,48,#a6d854
maldi_transformer_ts,7,0.9530851606323304,48,#a6d854
maldi_transformer_ts,8,0.9441031941031941,48,#a6d854
maldi_transformer_ts,9,0.9168949771689497,48,#a6d854
maldi_transformer_ts,10,0.9162833486660533,48,#a6d854
maldi_transformer_ts,1,0.8012475191380777,49,#a6d854
maldi_transformer_ts,2,0.9455555555555556,49,#a6d854
maldi_transformer_ts,3,0.9752991123118487,49,#a6d854
maldi_transformer_ts,4,0.9751369574378423,49,#a6d854
maldi_transformer_ts,5,0.9744605900484368,49,#a6d854
maldi_transformer_ts,6,0.9746660525103639,49,#a6d854
maldi_transformer_ts,7,0.9742990654205608,49,#a6d854
maldi_transformer_ts,8,0.9673202614379085,49,#a6d854
maldi_transformer_ts,9,0.9666464523953912,49,#a6d854
maldi_transformer_ts,10,0.9665450121654501,49,#a6d854
maldi_transformer_ts,1,0.823513658275308,50,#a6d854
maldi_transformer_ts,2,0.962610229276896,50,#a6d854
maldi_transformer_ts,3,0.9764932562620424,50,#a6d854
maldi_transformer_ts,4,0.9751196172248804,50,#a6d854
maldi_transformer_ts,5,0.9801390268123138,50,#a6d854
maldi_transformer_ts,6,0.9785586658725431,50,#a6d854
maldi_transformer_ts,7,0.9753761969904241,50,#a6d854
maldi_transformer_ts,8,0.9737226277372263,50,#a6d854
maldi_transformer_ts,9,0.9731543624161074,50,#a6d854
maldi_transformer_ts,10,0.9723714504988488,50,#a6d854
maldi_transformer_ts,1,0.8834454912516824,51,#a6d854
maldi_transformer_ts,2,0.95104,51,#a6d854
maldi_transformer_ts,3,0.9620909816440543,51,#a6d854
maldi_transformer_ts,4,0.9636813867106893,51,#a6d854
maldi_transformer_ts,5,0.9706390328151986,51,#a6d854
maldi_transformer_ts,6,0.9699608184588594,51,#a6d854
maldi_transformer_ts,7,0.9652509652509652,51,#a6d854
maldi_transformer_ts,8,0.954375,51,#a6d854
maldi_transformer_ts,9,0.9297401347449471,51,#a6d854
maldi_transformer_ts,10,0.9277227722772278,51,#a6d854
maldi_transformer_ts,1,0.8771984924623115,42,#a6d854
maldi_transformer_ts,2,0.9424141749723145,42,#a6d854
maldi_transformer_ts,3,0.957018927444795,42,#a6d854
maldi_transformer_ts,4,0.9630670413488559,42,#a6d854
maldi_transformer_ts,5,0.9581458145814582,42,#a6d854
maldi_transformer_ts,6,0.9599271402550091,42,#a6d854
maldi_transformer_ts,7,0.9436708860759494,42,#a6d854
maldi_transformer_ts,8,0.9468852459016394,42,#a6d854
maldi_transformer_ts,9,0.9459279038718291,42,#a6d854
maldi_transformer_ts,10,0.9454912516823688,42,#a6d854
maldi_transformer_ts,1,0.8421521997621879,43,#a6d854
maldi_transformer_ts,2,0.8787096774193548,43,#a6d854
maldi_transformer_ts,3,0.8926049795615013,43,#a6d854
maldi_transformer_ts,4,0.8944123314065511,43,#a6d854
maldi_transformer_ts,5,0.8718070009460738,43,#a6d854
maldi_transformer_ts,6,0.8715377268385864,43,#a6d854
maldi_transformer_ts,7,0.9614942528735633,43,#a6d854
maldi_transformer_ts,8,0.9384023099133783,43,#a6d854
maldi_transformer_ts,9,0.9418604651162791,43,#a6d854
maldi_transformer_ts,10,0.9328107502799552,43,#a6d854
maldi_transformer_ts,1,0.6801740549360892,44,#a6d854
maldi_transformer_ts,2,0.9027448322602508,44,#a6d854
maldi_transformer_ts,3,0.9098152843172763,44,#a6d854
maldi_transformer_ts,4,0.9136125654450262,44,#a6d854
maldi_transformer_ts,5,0.918939393939394,44,#a6d854
maldi_transformer_ts,6,0.9166666666666666,44,#a6d854
maldi_transformer_ts,7,0.9164705882352941,44,#a6d854
maldi_transformer_ts,8,0.9105514546244029,44,#a6d854
maldi_transformer_ts,9,0.9096094778411584,44,#a6d854
maldi_transformer_ts,10,0.9052242256125751,44,#a6d854
maldi_transformer_ts,1,0.8296749096971381,45,#a6d854
maldi_transformer_ts,2,0.8227739726027398,45,#a6d854
maldi_transformer_ts,3,0.820181731229077,45,#a6d854
maldi_transformer_ts,4,0.8293550025393601,45,#a6d854
maldi_transformer_ts,5,0.9157681940700808,45,#a6d854
maldi_transformer_ts,6,0.90739357729649,45,#a6d854
maldi_transformer_ts,7,0.9044684129429892,45,#a6d854
maldi_transformer_ts,8,0.9030492572322126,45,#a6d854
maldi_transformer_ts,9,0.892334194659776,45,#a6d854
maldi_transformer_ts,10,0.8224431818181818,45,#a6d854
maldi_transformer_ts,1,0.7481243301178992,46,#a6d854
maldi_transformer_ts,2,0.856791136643414,46,#a6d854
maldi_transformer_ts,3,0.870548604427334,46,#a6d854
maldi_transformer_ts,4,0.832274459974587,46,#a6d854
maldi_transformer_ts,5,0.8232118758434548,46,#a6d854
maldi_transformer_ts,6,0.8052347959969207,46,#a6d854
maldi_transformer_ts,7,0.8,46,#a6d854
maldi_transformer_ts,8,0.9446219382321619,46,#a6d854
maldi_transformer_ts,9,0.9405034324942791,46,#a6d854
maldi_transformer_ts,10,0.9348659003831418,46,#a6d854
maldi_transformer_ts,1,0.8134348653793854,47,#a6d854
maldi_transformer_ts,2,0.8615384615384616,47,#a6d854
maldi_transformer_ts,3,0.9023765996343693,47,#a6d854
maldi_transformer_ts,4,0.9025660096690219,47,#a6d854
maldi_transformer_ts,5,0.9009938837920489,47,#a6d854
maldi_transformer_ts,6,0.892527287993283,47,#a6d854
maldi_transformer_ts,7,0.8912027199320017,47,#a6d854
maldi_transformer_ts,8,0.8852236782647989,47,#a6d854
maldi_transformer_ts,9,0.8845979100408905,47,#a6d854
maldi_transformer_ts,10,0.8813638486688463,47,#a6d854
maldi_transformer_ts,1,0.7919863597612958,48,#a6d854
maldi_transformer_ts,2,0.8500979751796212,48,#a6d854
maldi_transformer_ts,3,0.8534704370179949,48,#a6d854
maldi_transformer_ts,4,0.8574173712528824,48,#a6d854
maldi_transformer_ts,5,0.8330975954738331,48,#a6d854
maldi_transformer_ts,6,0.8292929292929293,48,#a6d854
maldi_transformer_ts,7,0.8281489036206018,48,#a6d854
maldi_transformer_ts,8,0.8894348894348895,48,#a6d854
maldi_transformer_ts,9,0.8356164383561644,48,#a6d854
maldi_transformer_ts,10,0.8344066237350506,48,#a6d854
maldi_transformer_ts,1,0.7927417068330026,49,#a6d854
maldi_transformer_ts,2,0.9337037037037037,49,#a6d854
maldi_transformer_ts,3,0.9733693554612118,49,#a6d854
maldi_transformer_ts,4,0.9768225874420565,49,#a6d854
maldi_transformer_ts,5,0.9788639365918098,49,#a6d854
maldi_transformer_ts,6,0.981114693689544,49,#a6d854
maldi_transformer_ts,7,0.9808411214953271,49,#a6d854
maldi_transformer_ts,8,0.976232917409388,49,#a6d854
maldi_transformer_ts,9,0.9757428744693754,49,#a6d854
maldi_transformer_ts,10,0.975669099756691,49,#a6d854
maldi_transformer_ts,1,0.693626138189609,50,#a6d854
maldi_transformer_ts,2,0.8631393298059965,50,#a6d854
maldi_transformer_ts,3,0.879383429672447,50,#a6d854
maldi_transformer_ts,4,0.8674641148325359,50,#a6d854
maldi_transformer_ts,5,0.8733862959285005,50,#a6d854
maldi_transformer_ts,6,0.973198332340679,50,#a6d854
maldi_transformer_ts,7,0.9699042407660738,50,#a6d854
maldi_transformer_ts,8,0.9686131386861314,50,#a6d854
maldi_transformer_ts,9,0.9686800894854586,50,#a6d854
maldi_transformer_ts,10,0.967766692248657,50,#a6d854
maldi_transformer_ts,1,0.6624495289367429,51,#a6d854
maldi_transformer_ts,2,0.8448,51,#a6d854
maldi_transformer_ts,3,0.9134078212290503,51,#a6d854
maldi_transformer_ts,4,0.9294263309946348,51,#a6d854
maldi_transformer_ts,5,0.9270293609671848,51,#a6d854
maldi_transformer_ts,6,0.9272964736612973,51,#a6d854
maldi_transformer_ts,7,0.9218146718146718,51,#a6d854
maldi_transformer_ts,8,0.89875,51,#a6d854
maldi_transformer_ts,9,0.8450433108758422,51,#a6d854
maldi_transformer_ts,10,0.8405940594059406,51,#a6d854
maldi_transformer_ts,1,0.8907035175879398,42,#a6d854
maldi_transformer_ts,2,0.935031376891842,42,#a6d854
maldi_transformer_ts,3,0.9491324921135647,42,#a6d854
maldi_transformer_ts,4,0.9514251304696909,42,#a6d854
maldi_transformer_ts,5,0.9486948694869487,42,#a6d854
maldi_transformer_ts,6,0.9512750455373407,42,#a6d854
maldi_transformer_ts,7,0.9341772151898734,42,#a6d854
maldi_transformer_ts,8,0.9324590163934426,42,#a6d854
maldi_transformer_ts,9,0.9312416555407209,42,#a6d854
maldi_transformer_ts,10,0.9306864064602961,42,#a6d854
maldi_transformer_ts,1,0.8041022592152199,43,#a6d854
maldi_transformer_ts,2,0.8361290322580646,43,#a6d854
maldi_transformer_ts,3,0.94908955778521,43,#a6d854
maldi_transformer_ts,4,0.9502890173410404,43,#a6d854
maldi_transformer_ts,5,0.9422894985808893,43,#a6d854
maldi_transformer_ts,6,0.9422158548233047,43,#a6d854
maldi_transformer_ts,7,0.9442528735632184,43,#a6d854
maldi_transformer_ts,8,0.9066410009624639,43,#a6d854
maldi_transformer_ts,9,0.9060077519379846,43,#a6d854
maldi_transformer_ts,10,0.8913773796192609,43,#a6d854
maldi_transformer_ts,1,0.739461517541474,44,#a6d854
maldi_transformer_ts,2,0.9230769230769231,44,#a6d854
maldi_transformer_ts,3,0.9699384281057588,44,#a6d854
maldi_transformer_ts,4,0.9734480179506357,44,#a6d854
maldi_transformer_ts,5,0.9772727272727273,44,#a6d854
maldi_transformer_ts,6,0.9774143302180686,44,#a6d854
maldi_transformer_ts,7,0.9788235294117648,44,#a6d854
maldi_transformer_ts,8,0.9800260529743813,44,#a6d854
maldi_transformer_ts,9,0.9798157086441421,44,#a6d854
maldi_transformer_ts,10,0.9796578825705039,44,#a6d854
maldi_transformer_ts,1,0.8671853292581273,45,#a6d854
maldi_transformer_ts,2,0.9203767123287672,45,#a6d854
maldi_transformer_ts,3,0.9263510282161646,45,#a6d854
maldi_transformer_ts,4,0.9380396140172677,45,#a6d854
maldi_transformer_ts,5,0.9252021563342318,45,#a6d854
maldi_transformer_ts,6,0.9245705750560119,45,#a6d854
maldi_transformer_ts,7,0.9221879815100154,45,#a6d854
maldi_transformer_ts,8,0.9218139171227522,45,#a6d854
maldi_transformer_ts,9,0.9147286821705426,45,#a6d854
maldi_transformer_ts,10,0.859375,45,#a6d854
maldi_transformer_ts,1,0.8531618435155413,46,#a6d854
maldi_transformer_ts,2,0.924086992203529,46,#a6d854
maldi_transformer_ts,3,0.9393647738209817,46,#a6d854
maldi_transformer_ts,4,0.9263024142312579,46,#a6d854
maldi_transformer_ts,5,0.9244264507422402,46,#a6d854
maldi_transformer_ts,6,0.9199384141647421,46,#a6d854
maldi_transformer_ts,7,0.9188976377952756,46,#a6d854
maldi_transformer_ts,8,0.9169329073482428,46,#a6d854
maldi_transformer_ts,9,0.9107551487414187,46,#a6d854
maldi_transformer_ts,10,0.9003831417624522,46,#a6d854
maldi_transformer_ts,1,0.7933097633940712,47,#a6d854
maldi_transformer_ts,2,0.9170437405731523,47,#a6d854
maldi_transformer_ts,3,0.9330895795246801,47,#a6d854
maldi_transformer_ts,4,0.9349200446262551,47,#a6d854
maldi_transformer_ts,5,0.9369266055045872,47,#a6d854
maldi_transformer_ts,6,0.9219143576826196,47,#a6d854
maldi_transformer_ts,7,0.9218019549511263,47,#a6d854
maldi_transformer_ts,8,0.9168549480343425,47,#a6d854
maldi_transformer_ts,9,0.9164016356201726,47,#a6d854
maldi_transformer_ts,10,0.9140588510042037,47,#a6d854
maldi_transformer_ts,1,0.7610116510372265,48,#a6d854
maldi_transformer_ts,2,0.9023514043109079,48,#a6d854
maldi_transformer_ts,3,0.9122291590157914,48,#a6d854
maldi_transformer_ts,4,0.9254419677171407,48,#a6d854
maldi_transformer_ts,5,0.918906176331919,48,#a6d854
maldi_transformer_ts,6,0.9136363636363637,48,#a6d854
maldi_transformer_ts,7,0.9133095359510454,48,#a6d854
maldi_transformer_ts,8,0.902948402948403,48,#a6d854
maldi_transformer_ts,9,0.8557077625570776,48,#a6d854
maldi_transformer_ts,10,0.8546458141674333,48,#a6d854
maldi_transformer_ts,1,0.7541820243833286,49,#a6d854
maldi_transformer_ts,2,0.9688888888888889,49,#a6d854
maldi_transformer_ts,3,0.9752991123118487,49,#a6d854
maldi_transformer_ts,4,0.9785082174462706,49,#a6d854
maldi_transformer_ts,5,0.9784236019374725,49,#a6d854
maldi_transformer_ts,6,0.9792722247812068,49,#a6d854
maldi_transformer_ts,7,0.9789719626168224,49,#a6d854
maldi_transformer_ts,8,0.9756387403446227,49,#a6d854
maldi_transformer_ts,9,0.9751364463311097,49,#a6d854
maldi_transformer_ts,10,0.9750608272506083,49,#a6d854
maldi_transformer_ts,1,0.6684520621317622,50,#a6d854
maldi_transformer_ts,2,0.9312169312169312,50,#a6d854
maldi_transformer_ts,3,0.9583815028901734,50,#a6d854
maldi_transformer_ts,4,0.9583732057416268,50,#a6d854
maldi_transformer_ts,5,0.9587884806355511,50,#a6d854
maldi_transformer_ts,6,0.9690291840381179,50,#a6d854
maldi_transformer_ts,7,0.9644322845417237,50,#a6d854
maldi_transformer_ts,8,0.9635036496350365,50,#a6d854
maldi_transformer_ts,9,0.9634601043997018,50,#a6d854
maldi_transformer_ts,10,0.9639293937068304,50,#a6d854
maldi_transformer_ts,1,0.751278600269179,51,#a6d854
maldi_transformer_ts,2,0.86528,51,#a6d854
maldi_transformer_ts,3,0.8874700718276137,51,#a6d854
maldi_transformer_ts,4,0.9302517540239372,51,#a6d854
maldi_transformer_ts,5,0.9296200345423143,51,#a6d854
maldi_transformer_ts,6,0.9316499782324772,51,#a6d854
maldi_transformer_ts,7,0.9232625482625483,51,#a6d854
maldi_transformer_ts,8,0.901875,51,#a6d854
maldi_transformer_ts,9,0.8517805582290664,51,#a6d854
maldi_transformer_ts,10,0.8475247524752475,51,#a6d854
maldi_transformer_ts,1,0.7983668341708543,42,#a6d854
maldi_transformer_ts,2,0.9509043927648578,42,#a6d854
maldi_transformer_ts,3,0.9621451104100947,42,#a6d854
maldi_transformer_ts,4,0.9622641509433962,42,#a6d854
maldi_transformer_ts,5,0.9608460846084609,42,#a6d854
maldi_transformer_ts,6,0.9599271402550091,42,#a6d854
maldi_transformer_ts,7,0.9462025316455697,42,#a6d854
maldi_transformer_ts,8,0.9442622950819672,42,#a6d854
maldi_transformer_ts,9,0.9432576769025367,42,#a6d854
maldi_transformer_ts,10,0.9427994616419919,42,#a6d854
maldi_transformer_ts,1,0.8849583828775267,43,#a6d854
maldi_transformer_ts,2,0.8987096774193548,43,#a6d854
maldi_transformer_ts,3,0.969156447417317,43,#a6d854
maldi_transformer_ts,4,0.9695568400770713,43,#a6d854
maldi_transformer_ts,5,0.9645222327341533,43,#a6d854
maldi_transformer_ts,6,0.9641833810888252,43,#a6d854
maldi_transformer_ts,7,0.957471264367816,43,#a6d854
maldi_transformer_ts,8,0.9287776708373436,43,#a6d854
maldi_transformer_ts,9,0.9282945736434108,43,#a6d854
maldi_transformer_ts,10,0.9171332586786114,43,#a6d854
maldi_transformer_ts,1,0.7576828936633124,44,#a6d854
maldi_transformer_ts,2,0.9474754320569299,44,#a6d854
maldi_transformer_ts,3,0.9771821803694314,44,#a6d854
maldi_transformer_ts,4,0.9869109947643979,44,#a6d854
maldi_transformer_ts,5,0.9871212121212121,44,#a6d854
maldi_transformer_ts,6,0.9867601246105919,44,#a6d854
maldi_transformer_ts,7,0.9870588235294118,44,#a6d854
maldi_transformer_ts,8,0.9891445940078158,44,#a6d854
maldi_transformer_ts,9,0.9890302764370338,44,#a6d854
maldi_transformer_ts,10,0.9889042995839112,44,#a6d854
maldi_transformer_ts,1,0.9030286190608502,45,#a6d854
maldi_transformer_ts,2,0.9559075342465754,45,#a6d854
maldi_transformer_ts,3,0.9579148732663797,45,#a6d854
maldi_transformer_ts,4,0.9527679024885729,45,#a6d854
maldi_transformer_ts,5,0.9373315363881402,45,#a6d854
maldi_transformer_ts,6,0.9312920089619119,45,#a6d854
maldi_transformer_ts,7,0.9291217257318952,45,#a6d854
maldi_transformer_ts,8,0.928068803752932,45,#a6d854
maldi_transformer_ts,9,0.9207579672695951,45,#a6d854
maldi_transformer_ts,10,0.8693181818181818,45,#a6d854
maldi_transformer_ts,1,0.8781707752768846,46,#a6d854
maldi_transformer_ts,2,0.9528108329913828,46,#a6d854
maldi_transformer_ts,3,0.9653512993262753,46,#a6d854
maldi_transformer_ts,4,0.9555273189326556,46,#a6d854
maldi_transformer_ts,5,0.9527665317139001,46,#a6d854
maldi_transformer_ts,6,0.9491916859122402,46,#a6d854
maldi_transformer_ts,7,0.9488188976377953,46,#a6d854
maldi_transformer_ts,8,0.9307774227902024,46,#a6d854
maldi_transformer_ts,9,0.9256292906178489,46,#a6d854
maldi_transformer_ts,10,0.9182630906768838,46,#a6d854
maldi_transformer_ts,1,0.8966548816970357,47,#a6d854
maldi_transformer_ts,2,0.9245852187028658,47,#a6d854
maldi_transformer_ts,3,0.9137111517367459,47,#a6d854
maldi_transformer_ts,4,0.9129788025288211,47,#a6d854
maldi_transformer_ts,5,0.911697247706422,47,#a6d854
maldi_transformer_ts,6,0.9038623005877414,47,#a6d854
maldi_transformer_ts,7,0.9043773905652359,47,#a6d854
maldi_transformer_ts,8,0.8969724356077723,47,#a6d854
maldi_transformer_ts,9,0.8964107223989096,47,#a6d854
maldi_transformer_ts,10,0.8935077066791219,47,#a6d854
maldi_transformer_ts,1,0.8601875532821824,48,#a6d854
maldi_transformer_ts,2,0.9196603527106466,48,#a6d854
maldi_transformer_ts,3,0.9129636430407638,48,#a6d854
maldi_transformer_ts,4,0.9135280553420446,48,#a6d854
maldi_transformer_ts,5,0.8953323903818954,48,#a6d854
maldi_transformer_ts,6,0.8878787878787879,48,#a6d854
maldi_transformer_ts,7,0.8878123406425293,48,#a6d854
maldi_transformer_ts,8,0.8654791154791155,48,#a6d854
maldi_transformer_ts,9,0.8,48,#a6d854
maldi_transformer_ts,10,0.7985280588776449,48,#a6d854
maldi_transformer_ts,1,0.8732633966543805,49,#a6d854
maldi_transformer_ts,2,0.9729629629629629,49,#a6d854
maldi_transformer_ts,3,0.987263604785797,49,#a6d854
maldi_transformer_ts,4,0.9915718499789297,49,#a6d854
maldi_transformer_ts,5,0.991193306913254,49,#a6d854
maldi_transformer_ts,6,0.9907876554583142,49,#a6d854
maldi_transformer_ts,7,0.9906542056074766,49,#a6d854
maldi_transformer_ts,8,0.9887106357694593,49,#a6d854
maldi_transformer_ts,9,0.989084293511219,49,#a6d854
maldi_transformer_ts,10,0.9890510948905109,49,#a6d854
maldi_transformer_ts,1,0.8371719335832887,50,#a6d854
maldi_transformer_ts,2,0.962257495590829,50,#a6d854
maldi_transformer_ts,3,0.9726396917148362,50,#a6d854
maldi_transformer_ts,4,0.9712918660287081,50,#a6d854
maldi_transformer_ts,5,0.9702085402184707,50,#a6d854
maldi_transformer_ts,6,0.9791542584871947,50,#a6d854
maldi_transformer_ts,7,0.9767441860465116,50,#a6d854
maldi_transformer_ts,8,0.9759124087591241,50,#a6d854
maldi_transformer_ts,9,0.9776286353467561,50,#a6d854
maldi_transformer_ts,10,0.977743668457406,50,#a6d854
maldi_transformer_ts,1,0.7921938088829071,51,#a6d854
maldi_transformer_ts,2,0.91104,51,#a6d854
maldi_transformer_ts,3,0.9034317637669593,51,#a6d854
maldi_transformer_ts,4,0.9116797358646306,51,#a6d854
maldi_transformer_ts,5,0.9080310880829016,51,#a6d854
maldi_transformer_ts,6,0.9072703526338702,51,#a6d854
maldi_transformer_ts,7,0.8962355212355212,51,#a6d854
maldi_transformer_ts,8,0.864375,51,#a6d854
maldi_transformer_ts,9,0.7911453320500481,51,#a6d854
maldi_transformer_ts,10,0.7851485148514852,51,#a6d854
cosine_intensity_agnostic,1,0.5157035175879398,42,#e78ac3
cosine_intensity_agnostic,2,0.7486157253599114,42,#e78ac3
cosine_intensity_agnostic,3,0.8521293375394322,42,#e78ac3
cosine_intensity_agnostic,4,0.8598956242472903,42,#e78ac3
cosine_intensity_agnostic,5,0.8676867686768677,42,#e78ac3
cosine_intensity_agnostic,6,0.8724954462659381,42,#e78ac3
cosine_intensity_agnostic,7,0.8481012658227848,42,#e78ac3
cosine_intensity_agnostic,8,0.860983606557377,42,#e78ac3
cosine_intensity_agnostic,9,0.8591455273698264,42,#e78ac3
cosine_intensity_agnostic,10,0.8593539703903096,42,#e78ac3
cosine_intensity_agnostic,1,0.3106420927467301,43,#e78ac3
cosine_intensity_agnostic,2,0.3670967741935484,43,#e78ac3
cosine_intensity_agnostic,3,0.7198067632850241,43,#e78ac3
cosine_intensity_agnostic,4,0.7549132947976879,43,#e78ac3
cosine_intensity_agnostic,5,0.7469252601702933,43,#e78ac3
cosine_intensity_agnostic,6,0.7583572110792741,43,#e78ac3
cosine_intensity_agnostic,7,0.8494252873563218,43,#e78ac3
cosine_intensity_agnostic,8,0.7690086621751684,43,#e78ac3
cosine_intensity_agnostic,9,0.7897286821705426,43,#e78ac3
cosine_intensity_agnostic,10,0.7894736842105263,43,#e78ac3
cosine_intensity_agnostic,1,0.37340223007886864,44,#e78ac3
cosine_intensity_agnostic,2,0.6953575059301932,44,#e78ac3
cosine_intensity_agnostic,3,0.7247374139804419,44,#e78ac3
cosine_intensity_agnostic,4,0.7460732984293194,44,#e78ac3
cosine_intensity_agnostic,5,0.8083333333333333,44,#e78ac3
cosine_intensity_agnostic,6,0.8111370716510904,44,#e78ac3
cosine_intensity_agnostic,7,0.8188235294117647,44,#e78ac3
cosine_intensity_agnostic,8,0.8410768562744246,44,#e78ac3
cosine_intensity_agnostic,9,0.8424747696358051,44,#e78ac3
cosine_intensity_agnostic,10,0.8428109107720758,44,#e78ac3
cosine_intensity_agnostic,1,0.6060016671297582,45,#e78ac3
cosine_intensity_agnostic,2,0.5663527397260274,45,#e78ac3
cosine_intensity_agnostic,3,0.6800573888091822,45,#e78ac3
cosine_intensity_agnostic,4,0.6841036058913154,45,#e78ac3
cosine_intensity_agnostic,5,0.7769541778975741,45,#e78ac3
cosine_intensity_agnostic,6,0.8416728902165795,45,#e78ac3
cosine_intensity_agnostic,7,0.8443759630200308,45,#e78ac3
cosine_intensity_agnostic,8,0.8459734167318217,45,#e78ac3
cosine_intensity_agnostic,9,0.8466838931955211,45,#e78ac3
cosine_intensity_agnostic,10,0.7613636363636364,45,#e78ac3
cosine_intensity_agnostic,1,0.4976777420507324,46,#e78ac3
cosine_intensity_agnostic,2,0.629872794419368,46,#e78ac3
cosine_intensity_agnostic,3,0.6992300288739173,46,#e78ac3
cosine_intensity_agnostic,4,0.6149936467598475,46,#e78ac3
cosine_intensity_agnostic,5,0.6147098515519568,46,#e78ac3
cosine_intensity_agnostic,6,0.6043110084680523,46,#e78ac3
cosine_intensity_agnostic,7,0.6031496062992125,46,#e78ac3
cosine_intensity_agnostic,8,0.7742279020234292,46,#e78ac3
cosine_intensity_agnostic,9,0.7780320366132724,46,#e78ac3
cosine_intensity_agnostic,10,0.822477650063857,46,#e78ac3
cosine_intensity_agnostic,1,0.5480010878433506,47,#e78ac3
cosine_intensity_agnostic,2,0.7040723981900453,47,#e78ac3
cosine_intensity_agnostic,3,0.7817184643510054,47,#e78ac3
cosine_intensity_agnostic,4,0.8058757902566009,47,#e78ac3
cosine_intensity_agnostic,5,0.8100152905198776,47,#e78ac3
cosine_intensity_agnostic,6,0.8358522250209908,47,#e78ac3
cosine_intensity_agnostic,7,0.8389290267743307,47,#e78ac3
cosine_intensity_agnostic,8,0.8269317668323543,47,#e78ac3
cosine_intensity_agnostic,9,0.8332576101771921,47,#e78ac3
cosine_intensity_agnostic,10,0.8337225595516113,47,#e78ac3
cosine_intensity_agnostic,1,0.4717249218527991,48,#e78ac3
cosine_intensity_agnostic,2,0.6910516002612671,48,#e78ac3
cosine_intensity_agnostic,3,0.6984943077488065,48,#e78ac3
cosine_intensity_agnostic,4,0.7755572636433513,48,#e78ac3
cosine_intensity_agnostic,5,0.7355021216407355,48,#e78ac3
cosine_intensity_agnostic,6,0.7459595959595959,48,#e78ac3
cosine_intensity_agnostic,7,0.7480877103518613,48,#e78ac3
cosine_intensity_agnostic,8,0.8372235872235873,48,#e78ac3
cosine_intensity_agnostic,9,0.7680365296803653,48,#e78ac3
cosine_intensity_agnostic,10,0.766329346826127,48,#e78ac3
cosine_intensity_agnostic,1,0.43351290048199603,49,#e78ac3
cosine_intensity_agnostic,2,0.737037037037037,49,#e78ac3
cosine_intensity_agnostic,3,0.8456194519490544,49,#e78ac3
cosine_intensity_agnostic,4,0.8946481247366204,49,#e78ac3
cosine_intensity_agnostic,5,0.9185380889476001,49,#e78ac3
cosine_intensity_agnostic,6,0.9258406264394289,49,#e78ac3
cosine_intensity_agnostic,7,0.9271028037383178,49,#e78ac3
cosine_intensity_agnostic,8,0.9298871063576946,49,#e78ac3
cosine_intensity_agnostic,9,0.9320800485142511,49,#e78ac3
cosine_intensity_agnostic,10,0.9318734793187348,49,#e78ac3
cosine_intensity_agnostic,1,0.44001071237279055,50,#e78ac3
cosine_intensity_agnostic,2,0.6948853615520282,50,#e78ac3
cosine_intensity_agnostic,3,0.7229287090558767,50,#e78ac3
cosine_intensity_agnostic,4,0.7047846889952153,50,#e78ac3
cosine_intensity_agnostic,5,0.7939424031777557,50,#e78ac3
cosine_intensity_agnostic,6,0.9267421083978559,50,#e78ac3
cosine_intensity_agnostic,7,0.9233926128590971,50,#e78ac3
cosine_intensity_agnostic,8,0.9036496350364963,50,#e78ac3
cosine_intensity_agnostic,9,0.9060402684563759,50,#e78ac3
cosine_intensity_agnostic,10,0.9102072141212586,50,#e78ac3
cosine_intensity_agnostic,1,0.3870794078061911,51,#e78ac3
cosine_intensity_agnostic,2,0.59808,51,#e78ac3
cosine_intensity_agnostic,3,0.6723862729449321,51,#e78ac3
cosine_intensity_agnostic,4,0.8105654147750723,51,#e78ac3
cosine_intensity_agnostic,5,0.8389464594127807,51,#e78ac3
cosine_intensity_agnostic,6,0.8450152372659991,51,#e78ac3
cosine_intensity_agnostic,7,0.8388030888030888,51,#e78ac3
cosine_intensity_agnostic,8,0.800625,51,#e78ac3
cosine_intensity_agnostic,9,0.7324350336862367,51,#e78ac3
cosine_intensity_agnostic,10,0.7297029702970297,51,#e78ac3
