sample,n_copies,length_range,min_pairwise_id_%,n_clusters,status
SL1002,5,1519-1519,99.9,1,OK
SL1003,3,1510-1510,100.0,1,OK
SL1004,4,1479-1479,100.0,1,OK
SL1010,0,,,0,EMPTY
SL1033,6,1525-1525,99.7,1,OK
SL1046,6,1525-1525,99.9,1,OK
SL1064,6,1526-1526,100.0,1,OK
SL1071,12,1525-1526,88.0,2,MULTI_ORGANISM
SL1072,6,1525-1525,100.0,1,OK
SL1086,9,1505-1525,72.1,2,MULTI_ORGANISM
SL1092,11,982-1525,63.4,2,MULTI_ORGANISM
SL1095,12,1525-1525,97.3,1,OK
SL1097,6,1525-1525,99.8,1,OK
SL1098,12,1517-1519,71.8,2,MULTI_ORGANISM
SL1102,6,1525-1525,99.9,1,OK
SL1105,7,1525-1525,99.8,1,OK
SL1107,6,1505-1505,100.0,1,OK
