sample,completeness_%,contamination_%,model,genome_size_bp,gc,contig_N50_bp,flag
SL1002,100.0,0.4,Neural Network (Specific Model),6925371,0.62,1302054,PASS
SL1003,99.9,4.5,Neural Network (Specific Model),7094092,0.42,7094092,PASS
SL1004,100.0,1.4,Neural Network (Specific Model),4831925,0.65,4473502,PASS
SL1010,84.7,48.5,Gradient Boost (General Model),36969037,0.51,338873,FAIL
SL1033,100.0,0.1,Neural Network (Specific Model),6359510,0.59,6359510,PASS
SL1046,100.0,0.2,Neural Network (Specific Model),6931287,0.6,6880132,PASS
SL1064,100.0,0.1,Neural Network (Specific Model),4194864,0.39,4127218,PASS
SL1071,100.0,87.8,Neural Network (Specific Model),9191372,0.52,4996611,FAIL
SL1072,100.0,0.1,Neural Network (Specific Model),6477378,0.6,6329413,PASS
SL1086,100.0,60.1,Neural Network (Specific Model),11055985,0.5,6500924,FAIL
SL1092,99.8,108.1,Neural Network (Specific Model),19247078,0.6,594616,FAIL
SL1095,100.0,97.8,Neural Network (Specific Model),13195069,0.61,6694383,FAIL
SL1097,100.0,0.2,Neural Network (Specific Model),6131316,0.6,6131316,PASS
SL1098,100.0,30.9,Neural Network (Specific Model),9364414,0.55,6347696,FAIL
SL1102,100.0,0.2,Neural Network (Specific Model),6500923,0.61,6500923,PASS
SL1105,100.0,0.1,Neural Network (Specific Model),5889327,0.62,5889327,PASS
SL1107,99.8,0.2,Neural Network (Specific Model),4600080,0.34,3821708,PASS
