model,split,fold,path
CLIP_Transformer,species,0,bin/ml/lightning_logs_DRIAMS_A_for_score/genera/species/k=0/CLIP_Transformer/version_0/checkpoints/best-checkpoint.ckpt
MaldiTransformerWrapper,species,0,bin/ml/MALDI-Transformer_Reproduction/k=0/malditrfvanilla_M_200_0.15_0.01_0.0005/version_0/checkpoints/epoch=6024-step=500000.ckpt
CLIP_Transformer,species,1,bin/ml/lightning_logs_DRIAMS_A_for_score/genera/species/k=1/CLIP_Transformer/version_0/checkpoints/best-checkpoint.ckpt
MaldiTransformerWrapper,species,1,bin/ml/MALDI-Transformer_Reproduction/k=1/malditrfvanilla_M_200_0.15_0.01_0.0005/version_0/checkpoints/epoch=6666-step=500000.ckpt
CLIP_Transformer,species,2,bin/ml/lightning_logs_DRIAMS_A_for_score/genera/species/k=2/CLIP_Transformer/version_0/checkpoints/best-checkpoint.ckpt
MaldiTransformerWrapper,species,2,bin/ml/MALDI-Transformer_Reproduction/k=2/malditrfvanilla_M_200_0.15_0.01_0.0005/version_0/checkpoints/epoch=9090-step=500000.ckpt
CLIP_Transformer,species,3,bin/ml/lightning_logs_DRIAMS_A_for_score/genera/species/k=3/CLIP_Transformer/version_0/checkpoints/best-checkpoint.ckpt
MaldiTransformerWrapper,species,3,bin/ml/MALDI-Transformer_Reproduction/k=3/malditrfvanilla_M_200_0.15_0.01_0.0005/version_0/checkpoints/epoch=9090-step=500000.ckpt
CLIP_Transformer,species,4,bin/ml/lightning_logs_DRIAMS_A_for_score/genera/species/k=4/CLIP_Transformer/version_0/checkpoints/best-checkpoint.ckpt
MaldiTransformerWrapper,species,4,bin/ml/MALDI-Transformer_Reproduction/k=4/malditrfvanilla_M_200_0.15_0.01_0.0005/version_0/checkpoints/epoch=4249-step=340000.ckpt
CLIP_Transformer,species,5,bin/ml/lightning_logs_DRIAMS_A_for_score/genera/species/k=5/CLIP_Transformer/version_0/checkpoints/best-checkpoint.ckpt
MaldiTransformerWrapper,species,5,bin/ml/MALDI-Transformer_Reproduction/k=5/malditrfvanilla_M_200_0.15_0.01_0.0005/version_0/checkpoints/epoch=5813-step=500000.ckpt
CLIP_Transformer,genera,0,bin/ml/lightning_logs_DRIAMS_A_for_score/genera/genera/k=0/CLIP_Transformer/version_0/checkpoints/best-checkpoint.ckpt
MaldiTransformerWrapper,genera,0,bin/ml/MALDI-Transformer_Reproduction_Genus_Disjoint/k=0/malditrfvanilla_M_200_0.15_0.01_0.0005/version_0/checkpoints/epoch=8620-step=500000.ckpt
CLIP_Transformer,genera,1,bin/ml/lightning_logs_DRIAMS_A_for_score/genera/genera/k=1/CLIP_Transformer/version_0/checkpoints/best-checkpoint.ckpt
MaldiTransformerWrapper,genera,1,bin/ml/MALDI-Transformer_Reproduction_Genus_Disjoint/k=1/malditrfvanilla_M_200_0.15_0.01_0.0005/version_0/checkpoints/epoch=5747-step=500000.ckpt
CLIP_Transformer,genera,2,bin/ml/lightning_logs_DRIAMS_A_for_score/genera/genera/k=2/CLIP_Transformer/version_0/checkpoints/best-checkpoint.ckpt
MaldiTransformerWrapper,genera,2,bin/ml/MALDI-Transformer_Reproduction_Genus_Disjoint/k=2/malditrfvanilla_M_200_0.15_0.01_0.0005/version_0/checkpoints/epoch=5813-step=500000.ckpt
CLIP_Transformer,genera,3,bin/ml/lightning_logs_DRIAMS_A_for_score/genera/genera/k=3/CLIP_Transformer/version_0/checkpoints/best-checkpoint.ckpt
MaldiTransformerWrapper,genera,3,bin/ml/MALDI-Transformer_Reproduction_Genus_Disjoint/k=3/malditrfvanilla_M_200_0.15_0.01_0.0005/version_0/checkpoints/epoch=7462-step=500000.ckpt
CLIP_Transformer,genera,4,bin/ml/lightning_logs_DRIAMS_A_for_score/genera/genera/k=4/CLIP_Transformer/version_0/checkpoints/best-checkpoint.ckpt
MaldiTransformerWrapper,genera,4,bin/ml/MALDI-Transformer_Reproduction_Genus_Disjoint/k=4/malditrfvanilla_M_200_0.15_0.01_0.0005/version_0/checkpoints/epoch=6944-step=500000.ckpt
CLIP_Transformer,genera,5,bin/ml/lightning_logs_DRIAMS_A_for_score/genera/genera/k=5/CLIP_Transformer/version_0/checkpoints/best-checkpoint.ckpt
MaldiTransformerWrapper,genera,5,bin/ml/MALDI-Transformer_Reproduction_Genus_Disjoint/k=5/malditrfvanilla_M_200_0.15_0.01_0.0005/version_0/checkpoints/epoch=5555-step=500000.ckpt
