table,average,pairs,dataset,split,model,manuscript_pr_auc,unfiltered_csv,unfiltered_pr_auc,unfiltered_match,no_singleton_genera_csv,no_singleton_genera_pr_auc,no_singleton_genera_match
lab_disjoint,micro,all_pairs,DRIAMS-B,species,Contrastive Transformer,0.9952,scratch/publication_figures/fig/binary_curves/driams-b/binary_curves_metrics_cross_species_False_inf_pairs.csv,0.9952,True,scratch/publication_figures/fig/binary_curves/driams-b/binary_curves_metrics_cross_species_False_inf_pairs_no_singleton_genera.csv,0.9957,False
lab_disjoint,micro,all_pairs,DRIAMS-C,species,Contrastive Transformer,0.9913,scratch/publication_figures/fig/binary_curves/driams-c/binary_curves_metrics_cross_species_False_inf_pairs.csv,0.9913,True,scratch/publication_figures/fig/binary_curves/driams-c/binary_curves_metrics_cross_species_False_inf_pairs_no_singleton_genera.csv,0.9935,False
lab_disjoint,micro,all_pairs,DRIAMS-D,species,Contrastive Transformer,0.8740,scratch/publication_figures/fig/binary_curves/driams-d/binary_curves_metrics_cross_species_False_inf_pairs.csv,0.8740,True,scratch/publication_figures/fig/binary_curves/driams-d/binary_curves_metrics_cross_species_False_inf_pairs_no_singleton_genera.csv,0.9780,False
lab_disjoint,micro,all_pairs,RKI,species,Contrastive Transformer,0.8993,scratch/publication_figures/fig/binary_curves/RKI/binary_curves_metrics_cross_species_False_inf_pairs.csv,0.8993,True,scratch/publication_figures/fig/binary_curves/RKI/binary_curves_metrics_cross_species_False_inf_pairs_no_singleton_genera.csv,0.9094,False
lab_disjoint,micro,all_pairs,DRIAMS-B,species,MALDI Transformer,0.9248,scratch/publication_figures/fig/binary_curves/driams-b/binary_curves_metrics_cross_species_False_inf_pairs.csv,0.9248,True,scratch/publication_figures/fig/binary_curves/driams-b/binary_curves_metrics_cross_species_False_inf_pairs_no_singleton_genera.csv,0.9493,False
lab_disjoint,micro,all_pairs,DRIAMS-C,species,MALDI Transformer,0.9065,scratch/publication_figures/fig/binary_curves/driams-c/binary_curves_metrics_cross_species_False_inf_pairs.csv,0.9065,True,scratch/publication_figures/fig/binary_curves/driams-c/binary_curves_metrics_cross_species_False_inf_pairs_no_singleton_genera.csv,0.9333,False
lab_disjoint,micro,all_pairs,DRIAMS-D,species,MALDI Transformer,0.8254,scratch/publication_figures/fig/binary_curves/driams-d/binary_curves_metrics_cross_species_False_inf_pairs.csv,0.8254,True,scratch/publication_figures/fig/binary_curves/driams-d/binary_curves_metrics_cross_species_False_inf_pairs_no_singleton_genera.csv,0.9373,False
lab_disjoint,micro,all_pairs,RKI,species,MALDI Transformer,0.5578,scratch/publication_figures/fig/binary_curves/RKI/binary_curves_metrics_cross_species_False_inf_pairs.csv,0.5578,True,scratch/publication_figures/fig/binary_curves/RKI/binary_curves_metrics_cross_species_False_inf_pairs_no_singleton_genera.csv,0.5815,False
lab_disjoint,micro,all_pairs,DRIAMS-B,species,Cosine,0.6880,scratch/publication_figures/fig/binary_curves/driams-b/binary_curves_metrics_cross_species_False_inf_pairs.csv,0.6880,True,scratch/publication_figures/fig/binary_curves/driams-b/binary_curves_metrics_cross_species_False_inf_pairs_no_singleton_genera.csv,0.7208,False
lab_disjoint,micro,all_pairs,DRIAMS-C,species,Cosine,0.7400,scratch/publication_figures/fig/binary_curves/driams-c/binary_curves_metrics_cross_species_False_inf_pairs.csv,0.7400,True,scratch/publication_figures/fig/binary_curves/driams-c/binary_curves_metrics_cross_species_False_inf_pairs_no_singleton_genera.csv,0.8036,False
lab_disjoint,micro,all_pairs,DRIAMS-D,species,Cosine,0.6541,scratch/publication_figures/fig/binary_curves/driams-d/binary_curves_metrics_cross_species_False_inf_pairs.csv,0.6541,True,scratch/publication_figures/fig/binary_curves/driams-d/binary_curves_metrics_cross_species_False_inf_pairs_no_singleton_genera.csv,0.7974,False
lab_disjoint,micro,all_pairs,RKI,species,Cosine,0.5774,scratch/publication_figures/fig/binary_curves/RKI/binary_curves_metrics_cross_species_False_inf_pairs.csv,0.5774,True,scratch/publication_figures/fig/binary_curves/RKI/binary_curves_metrics_cross_species_False_inf_pairs_no_singleton_genera.csv,0.6015,False
lab_disjoint,micro,all_pairs,DRIAMS-B,species,Cosine (Intensity-agnostic),0.8124,scratch/publication_figures/fig/binary_curves/driams-b/binary_curves_metrics_cross_species_False_inf_pairs.csv,0.8124,True,scratch/publication_figures/fig/binary_curves/driams-b/binary_curves_metrics_cross_species_False_inf_pairs_no_singleton_genera.csv,0.8199,False
lab_disjoint,micro,all_pairs,DRIAMS-C,species,Cosine (Intensity-agnostic),0.8419,scratch/publication_figures/fig/binary_curves/driams-c/binary_curves_metrics_cross_species_False_inf_pairs.csv,0.8419,True,scratch/publication_figures/fig/binary_curves/driams-c/binary_curves_metrics_cross_species_False_inf_pairs_no_singleton_genera.csv,0.8518,False
lab_disjoint,micro,all_pairs,DRIAMS-D,species,Cosine (Intensity-agnostic),0.7184,scratch/publication_figures/fig/binary_curves/driams-d/binary_curves_metrics_cross_species_False_inf_pairs.csv,0.7184,True,scratch/publication_figures/fig/binary_curves/driams-d/binary_curves_metrics_cross_species_False_inf_pairs_no_singleton_genera.csv,0.8305,False
lab_disjoint,micro,all_pairs,RKI,species,Cosine (Intensity-agnostic),0.5632,scratch/publication_figures/fig/binary_curves/RKI/binary_curves_metrics_cross_species_False_inf_pairs.csv,0.5632,True,scratch/publication_figures/fig/binary_curves/RKI/binary_curves_metrics_cross_species_False_inf_pairs_no_singleton_genera.csv,0.5774,False
lab_disjoint,micro,cross_species,DRIAMS-B,species,Contrastive Transformer,0.9943,scratch/publication_figures/fig/binary_curves/driams-b/binary_curves_metrics_cross_species_True_inf_pairs.csv,0.9943,True,scratch/publication_figures/fig/binary_curves/driams-b/binary_curves_metrics_cross_species_True_inf_pairs_no_singleton_genera.csv,0.9953,False
lab_disjoint,micro,cross_species,DRIAMS-C,species,Contrastive Transformer,0.9415,scratch/publication_figures/fig/binary_curves/driams-c/binary_curves_metrics_cross_species_True_inf_pairs.csv,0.9415,True,scratch/publication_figures/fig/binary_curves/driams-c/binary_curves_metrics_cross_species_True_inf_pairs_no_singleton_genera.csv,0.9708,False
lab_disjoint,micro,cross_species,DRIAMS-D,species,Contrastive Transformer,0.7768,scratch/publication_figures/fig/binary_curves/driams-d/binary_curves_metrics_cross_species_True_inf_pairs.csv,0.7768,True,scratch/publication_figures/fig/binary_curves/driams-d/binary_curves_metrics_cross_species_True_inf_pairs_no_singleton_genera.csv,0.9090,False
lab_disjoint,micro,cross_species,RKI,species,Contrastive Transformer,0.8279,scratch/publication_figures/fig/binary_curves/RKI/binary_curves_metrics_cross_species_True_inf_pairs.csv,0.8279,True,scratch/publication_figures/fig/binary_curves/RKI/binary_curves_metrics_cross_species_True_inf_pairs_no_singleton_genera.csv,0.8428,False
lab_disjoint,micro,cross_species,DRIAMS-B,species,MALDI Transformer,0.8356,scratch/publication_figures/fig/binary_curves/driams-b/binary_curves_metrics_cross_species_True_inf_pairs.csv,0.8356,True,scratch/publication_figures/fig/binary_curves/driams-b/binary_curves_metrics_cross_species_True_inf_pairs_no_singleton_genera.csv,0.9160,False
lab_disjoint,micro,cross_species,DRIAMS-C,species,MALDI Transformer,0.4449,scratch/publication_figures/fig/binary_curves/driams-c/binary_curves_metrics_cross_species_True_inf_pairs.csv,0.4449,True,scratch/publication_figures/fig/binary_curves/driams-c/binary_curves_metrics_cross_species_True_inf_pairs_no_singleton_genera.csv,0.6420,False
lab_disjoint,micro,cross_species,DRIAMS-D,species,MALDI Transformer,0.4903,scratch/publication_figures/fig/binary_curves/driams-d/binary_curves_metrics_cross_species_True_inf_pairs.csv,0.4903,True,scratch/publication_figures/fig/binary_curves/driams-d/binary_curves_metrics_cross_species_True_inf_pairs_no_singleton_genera.csv,0.7012,False
lab_disjoint,micro,cross_species,RKI,species,MALDI Transformer,0.3735,scratch/publication_figures/fig/binary_curves/RKI/binary_curves_metrics_cross_species_True_inf_pairs.csv,0.3735,True,scratch/publication_figures/fig/binary_curves/RKI/binary_curves_metrics_cross_species_True_inf_pairs_no_singleton_genera.csv,0.3982,False
lab_disjoint,micro,cross_species,DRIAMS-B,species,Cosine,0.2579,scratch/publication_figures/fig/binary_curves/driams-b/binary_curves_metrics_cross_species_True_inf_pairs.csv,0.2579,True,scratch/publication_figures/fig/binary_curves/driams-b/binary_curves_metrics_cross_species_True_inf_pairs_no_singleton_genera.csv,0.4848,False
lab_disjoint,micro,cross_species,DRIAMS-C,species,Cosine,0.0643,scratch/publication_figures/fig/binary_curves/driams-c/binary_curves_metrics_cross_species_True_inf_pairs.csv,0.0643,True,scratch/publication_figures/fig/binary_curves/driams-c/binary_curves_metrics_cross_species_True_inf_pairs_no_singleton_genera.csv,0.1659,False
lab_disjoint,micro,cross_species,DRIAMS-D,species,Cosine,0.0792,scratch/publication_figures/fig/binary_curves/driams-d/binary_curves_metrics_cross_species_True_inf_pairs.csv,0.0792,True,scratch/publication_figures/fig/binary_curves/driams-d/binary_curves_metrics_cross_species_True_inf_pairs_no_singleton_genera.csv,0.1717,False
lab_disjoint,micro,cross_species,RKI,species,Cosine,0.3386,scratch/publication_figures/fig/binary_curves/RKI/binary_curves_metrics_cross_species_True_inf_pairs.csv,0.3386,True,scratch/publication_figures/fig/binary_curves/RKI/binary_curves_metrics_cross_species_True_inf_pairs_no_singleton_genera.csv,0.3621,False
lab_disjoint,micro,cross_species,DRIAMS-B,species,Cosine (Intensity-agnostic),0.5004,scratch/publication_figures/fig/binary_curves/driams-b/binary_curves_metrics_cross_species_True_inf_pairs.csv,0.5004,True,scratch/publication_figures/fig/binary_curves/driams-b/binary_curves_metrics_cross_species_True_inf_pairs_no_singleton_genera.csv,0.6719,False
lab_disjoint,micro,cross_species,DRIAMS-C,species,Cosine (Intensity-agnostic),0.1105,scratch/publication_figures/fig/binary_curves/driams-c/binary_curves_metrics_cross_species_True_inf_pairs.csv,0.1105,True,scratch/publication_figures/fig/binary_curves/driams-c/binary_curves_metrics_cross_species_True_inf_pairs_no_singleton_genera.csv,0.2488,False
lab_disjoint,micro,cross_species,DRIAMS-D,species,Cosine (Intensity-agnostic),0.0989,scratch/publication_figures/fig/binary_curves/driams-d/binary_curves_metrics_cross_species_True_inf_pairs.csv,0.0989,True,scratch/publication_figures/fig/binary_curves/driams-d/binary_curves_metrics_cross_species_True_inf_pairs_no_singleton_genera.csv,0.1968,False
lab_disjoint,micro,cross_species,RKI,species,Cosine (Intensity-agnostic),0.2952,scratch/publication_figures/fig/binary_curves/RKI/binary_curves_metrics_cross_species_True_inf_pairs.csv,0.2952,True,scratch/publication_figures/fig/binary_curves/RKI/binary_curves_metrics_cross_species_True_inf_pairs_no_singleton_genera.csv,0.3090,False
lab_disjoint,macro,all_pairs,DRIAMS-B,species,Contrastive Transformer,0.9778,scratch/publication_figures/fig/binary_curves/driams-b/binary_curves_metrics_cross_species_False_inf_balanced_pairs.csv,0.9778,True,scratch/publication_figures/fig/binary_curves/driams-b/binary_curves_metrics_cross_species_False_inf_balanced_pairs_no_singleton_genera.csv,0.9879,False
lab_disjoint,macro,all_pairs,DRIAMS-C,species,Contrastive Transformer,0.9795,scratch/publication_figures/fig/binary_curves/driams-c/binary_curves_metrics_cross_species_False_inf_balanced_pairs.csv,0.9795,True,scratch/publication_figures/fig/binary_curves/driams-c/binary_curves_metrics_cross_species_False_inf_balanced_pairs_no_singleton_genera.csv,0.9863,False
lab_disjoint,macro,all_pairs,DRIAMS-D,species,Contrastive Transformer,0.8696,scratch/publication_figures/fig/binary_curves/driams-d/binary_curves_metrics_cross_species_False_inf_balanced_pairs.csv,0.8696,True,scratch/publication_figures/fig/binary_curves/driams-d/binary_curves_metrics_cross_species_False_inf_balanced_pairs_no_singleton_genera.csv,0.9460,False
lab_disjoint,macro,all_pairs,RKI,species,Contrastive Transformer,0.9037,scratch/publication_figures/fig/binary_curves/RKI/binary_curves_metrics_cross_species_False_inf_balanced_pairs.csv,0.9037,True,scratch/publication_figures/fig/binary_curves/RKI/binary_curves_metrics_cross_species_False_inf_balanced_pairs_no_singleton_genera.csv,0.8850,False
lab_disjoint,macro,all_pairs,DRIAMS-B,species,MALDI Transformer,0.8227,scratch/publication_figures/fig/binary_curves/driams-b/binary_curves_metrics_cross_species_False_inf_balanced_pairs.csv,0.8227,True,scratch/publication_figures/fig/binary_curves/driams-b/binary_curves_metrics_cross_species_False_inf_balanced_pairs_no_singleton_genera.csv,0.8674,False
lab_disjoint,macro,all_pairs,DRIAMS-C,species,MALDI Transformer,0.8585,scratch/publication_figures/fig/binary_curves/driams-c/binary_curves_metrics_cross_species_False_inf_balanced_pairs.csv,0.8585,True,scratch/publication_figures/fig/binary_curves/driams-c/binary_curves_metrics_cross_species_False_inf_balanced_pairs_no_singleton_genera.csv,0.8835,False
lab_disjoint,macro,all_pairs,DRIAMS-D,species,MALDI Transformer,0.7580,scratch/publication_figures/fig/binary_curves/driams-d/binary_curves_metrics_cross_species_False_inf_balanced_pairs.csv,0.7580,True,scratch/publication_figures/fig/binary_curves/driams-d/binary_curves_metrics_cross_species_False_inf_balanced_pairs_no_singleton_genera.csv,0.8860,False
lab_disjoint,macro,all_pairs,RKI,species,MALDI Transformer,0.6780,scratch/publication_figures/fig/binary_curves/RKI/binary_curves_metrics_cross_species_False_inf_balanced_pairs.csv,0.6780,True,scratch/publication_figures/fig/binary_curves/RKI/binary_curves_metrics_cross_species_False_inf_balanced_pairs_no_singleton_genera.csv,0.5808,False
lab_disjoint,macro,all_pairs,DRIAMS-B,species,Cosine,0.7080,scratch/publication_figures/fig/binary_curves/driams-b/binary_curves_metrics_cross_species_False_inf_balanced_pairs.csv,0.7080,True,scratch/publication_figures/fig/binary_curves/driams-b/binary_curves_metrics_cross_species_False_inf_balanced_pairs_no_singleton_genera.csv,0.6997,False
lab_disjoint,macro,all_pairs,DRIAMS-C,species,Cosine,0.7344,scratch/publication_figures/fig/binary_curves/driams-c/binary_curves_metrics_cross_species_False_inf_balanced_pairs.csv,0.7344,True,scratch/publication_figures/fig/binary_curves/driams-c/binary_curves_metrics_cross_species_False_inf_balanced_pairs_no_singleton_genera.csv,0.7087,False
lab_disjoint,macro,all_pairs,DRIAMS-D,species,Cosine,0.6372,scratch/publication_figures/fig/binary_curves/driams-d/binary_curves_metrics_cross_species_False_inf_balanced_pairs.csv,0.6372,True,scratch/publication_figures/fig/binary_curves/driams-d/binary_curves_metrics_cross_species_False_inf_balanced_pairs_no_singleton_genera.csv,0.7597,False
lab_disjoint,macro,all_pairs,RKI,species,Cosine,0.7844,scratch/publication_figures/fig/binary_curves/RKI/binary_curves_metrics_cross_species_False_inf_balanced_pairs.csv,0.7844,True,scratch/publication_figures/fig/binary_curves/RKI/binary_curves_metrics_cross_species_False_inf_balanced_pairs_no_singleton_genera.csv,0.6641,False
lab_disjoint,macro,all_pairs,DRIAMS-B,species,Cosine (Intensity-agnostic),0.8180,scratch/publication_figures/fig/binary_curves/driams-b/binary_curves_metrics_cross_species_False_inf_balanced_pairs.csv,0.8180,True,scratch/publication_figures/fig/binary_curves/driams-b/binary_curves_metrics_cross_species_False_inf_balanced_pairs_no_singleton_genera.csv,0.7581,False
lab_disjoint,macro,all_pairs,DRIAMS-C,species,Cosine (Intensity-agnostic),0.7956,scratch/publication_figures/fig/binary_curves/driams-c/binary_curves_metrics_cross_species_False_inf_balanced_pairs.csv,0.7956,True,scratch/publication_figures/fig/binary_curves/driams-c/binary_curves_metrics_cross_species_False_inf_balanced_pairs_no_singleton_genera.csv,0.7438,False
lab_disjoint,macro,all_pairs,DRIAMS-D,species,Cosine (Intensity-agnostic),0.6507,scratch/publication_figures/fig/binary_curves/driams-d/binary_curves_metrics_cross_species_False_inf_balanced_pairs.csv,0.6507,True,scratch/publication_figures/fig/binary_curves/driams-d/binary_curves_metrics_cross_species_False_inf_balanced_pairs_no_singleton_genera.csv,0.7643,False
lab_disjoint,macro,all_pairs,RKI,species,Cosine (Intensity-agnostic),0.7626,scratch/publication_figures/fig/binary_curves/RKI/binary_curves_metrics_cross_species_False_inf_balanced_pairs.csv,0.7626,True,scratch/publication_figures/fig/binary_curves/RKI/binary_curves_metrics_cross_species_False_inf_balanced_pairs_no_singleton_genera.csv,0.5964,False
lab_disjoint,macro,cross_species,DRIAMS-B,species,Contrastive Transformer,0.9127,scratch/publication_figures/fig/binary_curves/driams-b/binary_curves_metrics_cross_species_True_inf_balanced_pairs.csv,0.9127,True,scratch/publication_figures/fig/binary_curves/driams-b/binary_curves_metrics_cross_species_True_inf_balanced_pairs_no_singleton_genera.csv,0.9741,False
lab_disjoint,macro,cross_species,DRIAMS-C,species,Contrastive Transformer,0.9329,scratch/publication_figures/fig/binary_curves/driams-c/binary_curves_metrics_cross_species_True_inf_balanced_pairs.csv,0.9329,True,scratch/publication_figures/fig/binary_curves/driams-c/binary_curves_metrics_cross_species_True_inf_balanced_pairs_no_singleton_genera.csv,0.9778,False
lab_disjoint,macro,cross_species,DRIAMS-D,species,Contrastive Transformer,0.8649,scratch/publication_figures/fig/binary_curves/driams-d/binary_curves_metrics_cross_species_True_inf_balanced_pairs.csv,0.8649,True,scratch/publication_figures/fig/binary_curves/driams-d/binary_curves_metrics_cross_species_True_inf_balanced_pairs_no_singleton_genera.csv,0.9365,False
lab_disjoint,macro,cross_species,RKI,species,Contrastive Transformer,0.6699,scratch/publication_figures/fig/binary_curves/RKI/binary_curves_metrics_cross_species_True_inf_balanced_pairs.csv,0.6699,True,scratch/publication_figures/fig/binary_curves/RKI/binary_curves_metrics_cross_species_True_inf_balanced_pairs_no_singleton_genera.csv,0.8314,False
lab_disjoint,macro,cross_species,DRIAMS-B,species,MALDI Transformer,0.4517,scratch/publication_figures/fig/binary_curves/driams-b/binary_curves_metrics_cross_species_True_inf_balanced_pairs.csv,0.4517,True,scratch/publication_figures/fig/binary_curves/driams-b/binary_curves_metrics_cross_species_True_inf_balanced_pairs_no_singleton_genera.csv,0.7454,False
lab_disjoint,macro,cross_species,DRIAMS-C,species,MALDI Transformer,0.5398,scratch/publication_figures/fig/binary_curves/driams-c/binary_curves_metrics_cross_species_True_inf_balanced_pairs.csv,0.5398,True,scratch/publication_figures/fig/binary_curves/driams-c/binary_curves_metrics_cross_species_True_inf_balanced_pairs_no_singleton_genera.csv,0.7838,False
lab_disjoint,macro,cross_species,DRIAMS-D,species,MALDI Transformer,0.5305,scratch/publication_figures/fig/binary_curves/driams-d/binary_curves_metrics_cross_species_True_inf_balanced_pairs.csv,0.5305,True,scratch/publication_figures/fig/binary_curves/driams-d/binary_curves_metrics_cross_species_True_inf_balanced_pairs_no_singleton_genera.csv,0.8101,False
lab_disjoint,macro,cross_species,RKI,species,MALDI Transformer,0.2136,scratch/publication_figures/fig/binary_curves/RKI/binary_curves_metrics_cross_species_True_inf_balanced_pairs.csv,0.2136,True,scratch/publication_figures/fig/binary_curves/RKI/binary_curves_metrics_cross_species_True_inf_balanced_pairs_no_singleton_genera.csv,0.4074,False
lab_disjoint,macro,cross_species,DRIAMS-B,species,Cosine,0.1832,scratch/publication_figures/fig/binary_curves/driams-b/binary_curves_metrics_cross_species_True_inf_balanced_pairs.csv,0.1832,True,scratch/publication_figures/fig/binary_curves/driams-b/binary_curves_metrics_cross_species_True_inf_balanced_pairs_no_singleton_genera.csv,0.4811,False
lab_disjoint,macro,cross_species,DRIAMS-C,species,Cosine,0.1913,scratch/publication_figures/fig/binary_curves/driams-c/binary_curves_metrics_cross_species_True_inf_balanced_pairs.csv,0.1913,True,scratch/publication_figures/fig/binary_curves/driams-c/binary_curves_metrics_cross_species_True_inf_balanced_pairs_no_singleton_genera.csv,0.4379,False
lab_disjoint,macro,cross_species,DRIAMS-D,species,Cosine,0.2890,scratch/publication_figures/fig/binary_curves/driams-d/binary_curves_metrics_cross_species_True_inf_balanced_pairs.csv,0.2890,True,scratch/publication_figures/fig/binary_curves/driams-d/binary_curves_metrics_cross_species_True_inf_balanced_pairs_no_singleton_genera.csv,0.6004,False
lab_disjoint,macro,cross_species,RKI,species,Cosine,0.2485,scratch/publication_figures/fig/binary_curves/RKI/binary_curves_metrics_cross_species_True_inf_balanced_pairs.csv,0.2485,True,scratch/publication_figures/fig/binary_curves/RKI/binary_curves_metrics_cross_species_True_inf_balanced_pairs_no_singleton_genera.csv,0.4507,False
lab_disjoint,macro,cross_species,DRIAMS-B,species,Cosine (Intensity-agnostic),0.3486,scratch/publication_figures/fig/binary_curves/driams-b/binary_curves_metrics_cross_species_True_inf_balanced_pairs.csv,0.3486,True,scratch/publication_figures/fig/binary_curves/driams-b/binary_curves_metrics_cross_species_True_inf_balanced_pairs_no_singleton_genera.csv,0.5296,False
lab_disjoint,macro,cross_species,DRIAMS-C,species,Cosine (Intensity-agnostic),0.2486,scratch/publication_figures/fig/binary_curves/driams-c/binary_curves_metrics_cross_species_True_inf_balanced_pairs.csv,0.2486,True,scratch/publication_figures/fig/binary_curves/driams-c/binary_curves_metrics_cross_species_True_inf_balanced_pairs_no_singleton_genera.csv,0.4726,False
lab_disjoint,macro,cross_species,DRIAMS-D,species,Cosine (Intensity-agnostic),0.2561,scratch/publication_figures/fig/binary_curves/driams-d/binary_curves_metrics_cross_species_True_inf_balanced_pairs.csv,0.2561,True,scratch/publication_figures/fig/binary_curves/driams-d/binary_curves_metrics_cross_species_True_inf_balanced_pairs_no_singleton_genera.csv,0.5475,False
lab_disjoint,macro,cross_species,RKI,species,Cosine (Intensity-agnostic),0.1585,scratch/publication_figures/fig/binary_curves/RKI/binary_curves_metrics_cross_species_True_inf_balanced_pairs.csv,0.1585,True,scratch/publication_figures/fig/binary_curves/RKI/binary_curves_metrics_cross_species_True_inf_balanced_pairs_no_singleton_genera.csv,0.3318,False
generalization,micro,all_pairs,DRIAMS-A,species,Contrastive Transformer,0.9942,scratch/publication_figures/fig/generalization_binary_curves/driams-a/binary_curves_metrics_cross_species_False_inf_pairs.csv,0.9942,True,scratch/publication_figures/fig/generalization_binary_curves/driams-a/binary_curves_metrics_cross_species_False_inf_pairs_no_singleton_genera.csv,0.9965,False
generalization,micro,all_pairs,RKI,species,Contrastive Transformer,0.9282,scratch/publication_figures/fig/generalization_binary_curves/rki/binary_curves_metrics_cross_species_False_inf_pairs.csv,0.9282,True,scratch/publication_figures/fig/generalization_binary_curves/rki/binary_curves_metrics_cross_species_False_inf_pairs_no_singleton_genera.csv,0.9384,False
generalization,micro,all_pairs,DRIAMS-A,genera,Contrastive Transformer,0.9709,scratch/publication_figures/fig/genus_disjoint_generalization_binary_curves/driams-a/binary_curves_metrics_cross_species_False_inf_pairs.csv,0.9709,True,,,unavailable
generalization,micro,all_pairs,RKI,genera,Contrastive Transformer,0.9481,scratch/publication_figures/fig/genus_disjoint_generalization_binary_curves/rki/binary_curves_metrics_cross_species_False_inf_pairs.csv,0.9481,True,,,unavailable
generalization,micro,all_pairs,DRIAMS-A,species,MALDI Transformer,0.9130,scratch/publication_figures/fig/generalization_binary_curves/driams-a/binary_curves_metrics_cross_species_False_inf_pairs.csv,0.9130,True,scratch/publication_figures/fig/generalization_binary_curves/driams-a/binary_curves_metrics_cross_species_False_inf_pairs_no_singleton_genera.csv,0.9643,False
generalization,micro,all_pairs,RKI,species,MALDI Transformer,0.6129,scratch/publication_figures/fig/generalization_binary_curves/rki/binary_curves_metrics_cross_species_False_inf_pairs.csv,0.6129,True,scratch/publication_figures/fig/generalization_binary_curves/rki/binary_curves_metrics_cross_species_False_inf_pairs_no_singleton_genera.csv,0.6379,False
generalization,micro,all_pairs,DRIAMS-A,genera,MALDI Transformer,0.7960,scratch/publication_figures/fig/genus_disjoint_generalization_binary_curves/driams-a/binary_curves_metrics_cross_species_False_inf_pairs.csv,0.7960,True,,,unavailable
generalization,micro,all_pairs,RKI,genera,MALDI Transformer,0.7148,scratch/publication_figures/fig/genus_disjoint_generalization_binary_curves/rki/binary_curves_metrics_cross_species_False_inf_pairs.csv,0.7148,True,,,unavailable
generalization,micro,all_pairs,DRIAMS-A,species,Cosine,0.9030,scratch/publication_figures/fig/generalization_binary_curves/driams-a/binary_curves_metrics_cross_species_False_inf_pairs.csv,0.9030,True,scratch/publication_figures/fig/generalization_binary_curves/driams-a/binary_curves_metrics_cross_species_False_inf_pairs_no_singleton_genera.csv,0.9474,False
generalization,micro,all_pairs,RKI,species,Cosine,0.6711,scratch/publication_figures/fig/generalization_binary_curves/rki/binary_curves_metrics_cross_species_False_inf_pairs.csv,0.6711,True,scratch/publication_figures/fig/generalization_binary_curves/rki/binary_curves_metrics_cross_species_False_inf_pairs_no_singleton_genera.csv,0.6937,False
generalization,micro,all_pairs,DRIAMS-A,genera,Cosine,0.9089,scratch/publication_figures/fig/genus_disjoint_generalization_binary_curves/driams-a/binary_curves_metrics_cross_species_False_inf_pairs.csv,0.9089,True,,,unavailable
generalization,micro,all_pairs,RKI,genera,Cosine,0.7897,scratch/publication_figures/fig/genus_disjoint_generalization_binary_curves/rki/binary_curves_metrics_cross_species_False_inf_pairs.csv,0.7897,True,,,unavailable
generalization,micro,all_pairs,DRIAMS-A,species,Cosine (Intensity-agnostic),0.9225,scratch/publication_figures/fig/generalization_binary_curves/driams-a/binary_curves_metrics_cross_species_False_inf_pairs.csv,0.9225,True,scratch/publication_figures/fig/generalization_binary_curves/driams-a/binary_curves_metrics_cross_species_False_inf_pairs_no_singleton_genera.csv,0.9344,False
generalization,micro,all_pairs,RKI,species,Cosine (Intensity-agnostic),0.6881,scratch/publication_figures/fig/generalization_binary_curves/rki/binary_curves_metrics_cross_species_False_inf_pairs.csv,0.6881,True,scratch/publication_figures/fig/generalization_binary_curves/rki/binary_curves_metrics_cross_species_False_inf_pairs_no_singleton_genera.csv,0.7050,False
generalization,micro,all_pairs,DRIAMS-A,genera,Cosine (Intensity-agnostic),0.9199,scratch/publication_figures/fig/genus_disjoint_generalization_binary_curves/driams-a/binary_curves_metrics_cross_species_False_inf_pairs.csv,0.9199,True,,,unavailable
generalization,micro,all_pairs,RKI,genera,Cosine (Intensity-agnostic),0.8305,scratch/publication_figures/fig/genus_disjoint_generalization_binary_curves/rki/binary_curves_metrics_cross_species_False_inf_pairs.csv,0.8305,True,,,unavailable
generalization,micro,cross_species,DRIAMS-A,species,Contrastive Transformer,0.9683,scratch/publication_figures/fig/generalization_binary_curves/driams-a/binary_curves_metrics_cross_species_True_inf_pairs.csv,0.9683,True,scratch/publication_figures/fig/generalization_binary_curves/driams-a/binary_curves_metrics_cross_species_True_inf_pairs_no_singleton_genera.csv,0.9942,False
generalization,micro,cross_species,RKI,species,Contrastive Transformer,0.8642,scratch/publication_figures/fig/generalization_binary_curves/rki/binary_curves_metrics_cross_species_True_inf_pairs.csv,0.8642,True,scratch/publication_figures/fig/generalization_binary_curves/rki/binary_curves_metrics_cross_species_True_inf_pairs_no_singleton_genera.csv,0.8814,False
generalization,micro,cross_species,DRIAMS-A,genera,Contrastive Transformer,0.8605,scratch/publication_figures/fig/genus_disjoint_generalization_binary_curves/driams-a/binary_curves_metrics_cross_species_True_inf_pairs.csv,0.8605,True,scratch/publication_figures/fig/genus_disjoint_generalization_binary_curves/driams-a/binary_curves_metrics_cross_species_True_inf_pairs_no_singleton_genera.csv,0.9308,False
generalization,micro,cross_species,RKI,genera,Contrastive Transformer,0.9082,scratch/publication_figures/fig/genus_disjoint_generalization_binary_curves/rki/binary_curves_metrics_cross_species_True_inf_pairs.csv,0.9082,True,scratch/publication_figures/fig/genus_disjoint_generalization_binary_curves/rki/binary_curves_metrics_cross_species_True_inf_pairs_no_singleton_genera.csv,0.9628,False
generalization,micro,cross_species,DRIAMS-A,species,MALDI Transformer,0.4324,scratch/publication_figures/fig/generalization_binary_curves/driams-a/binary_curves_metrics_cross_species_True_inf_pairs.csv,0.4324,True,scratch/publication_figures/fig/generalization_binary_curves/driams-a/binary_curves_metrics_cross_species_True_inf_pairs_no_singleton_genera.csv,0.8775,False
generalization,micro,cross_species,RKI,species,MALDI Transformer,0.4141,scratch/publication_figures/fig/generalization_binary_curves/rki/binary_curves_metrics_cross_species_True_inf_pairs.csv,0.4141,True,scratch/publication_figures/fig/generalization_binary_curves/rki/binary_curves_metrics_cross_species_True_inf_pairs_no_singleton_genera.csv,0.4417,False
generalization,micro,cross_species,DRIAMS-A,genera,MALDI Transformer,0.4525,scratch/publication_figures/fig/genus_disjoint_generalization_binary_curves/driams-a/binary_curves_metrics_cross_species_True_inf_pairs.csv,0.4525,True,scratch/publication_figures/fig/genus_disjoint_generalization_binary_curves/driams-a/binary_curves_metrics_cross_species_True_inf_pairs_no_singleton_genera.csv,0.5607,False
generalization,micro,cross_species,RKI,genera,MALDI Transformer,0.6345,scratch/publication_figures/fig/genus_disjoint_generalization_binary_curves/rki/binary_curves_metrics_cross_species_True_inf_pairs.csv,0.6345,True,scratch/publication_figures/fig/genus_disjoint_generalization_binary_curves/rki/binary_curves_metrics_cross_species_True_inf_pairs_no_singleton_genera.csv,0.7688,False
generalization,micro,cross_species,DRIAMS-A,species,Cosine,0.1367,scratch/publication_figures/fig/generalization_binary_curves/driams-a/binary_curves_metrics_cross_species_True_inf_pairs.csv,0.1367,True,scratch/publication_figures/fig/generalization_binary_curves/driams-a/binary_curves_metrics_cross_species_True_inf_pairs_no_singleton_genera.csv,0.6014,False
generalization,micro,cross_species,RKI,species,Cosine,0.4154,scratch/publication_figures/fig/generalization_binary_curves/rki/binary_curves_metrics_cross_species_True_inf_pairs.csv,0.4154,True,scratch/publication_figures/fig/generalization_binary_curves/rki/binary_curves_metrics_cross_species_True_inf_pairs_no_singleton_genera.csv,0.4420,False
generalization,micro,cross_species,DRIAMS-A,genera,Cosine,0.6563,scratch/publication_figures/fig/genus_disjoint_generalization_binary_curves/driams-a/binary_curves_metrics_cross_species_True_inf_pairs.csv,0.6563,True,scratch/publication_figures/fig/genus_disjoint_generalization_binary_curves/driams-a/binary_curves_metrics_cross_species_True_inf_pairs_no_singleton_genera.csv,0.7590,False
generalization,micro,cross_species,RKI,genera,Cosine,0.6062,scratch/publication_figures/fig/genus_disjoint_generalization_binary_curves/rki/binary_curves_metrics_cross_species_True_inf_pairs.csv,0.6062,True,scratch/publication_figures/fig/genus_disjoint_generalization_binary_curves/rki/binary_curves_metrics_cross_species_True_inf_pairs_no_singleton_genera.csv,0.8288,False
generalization,micro,cross_species,DRIAMS-A,species,Cosine (Intensity-agnostic),0.1007,scratch/publication_figures/fig/generalization_binary_curves/driams-a/binary_curves_metrics_cross_species_True_inf_pairs.csv,0.1007,True,scratch/publication_figures/fig/generalization_binary_curves/driams-a/binary_curves_metrics_cross_species_True_inf_pairs_no_singleton_genera.csv,0.4639,False
generalization,micro,cross_species,RKI,species,Cosine (Intensity-agnostic),0.4142,scratch/publication_figures/fig/generalization_binary_curves/rki/binary_curves_metrics_cross_species_True_inf_pairs.csv,0.4142,True,scratch/publication_figures/fig/generalization_binary_curves/rki/binary_curves_metrics_cross_species_True_inf_pairs_no_singleton_genera.csv,0.4350,False
generalization,micro,cross_species,DRIAMS-A,genera,Cosine (Intensity-agnostic),0.6483,scratch/publication_figures/fig/genus_disjoint_generalization_binary_curves/driams-a/binary_curves_metrics_cross_species_True_inf_pairs.csv,0.6483,True,scratch/publication_figures/fig/genus_disjoint_generalization_binary_curves/driams-a/binary_curves_metrics_cross_species_True_inf_pairs_no_singleton_genera.csv,0.7369,False
generalization,micro,cross_species,RKI,genera,Cosine (Intensity-agnostic),0.7206,scratch/publication_figures/fig/genus_disjoint_generalization_binary_curves/rki/binary_curves_metrics_cross_species_True_inf_pairs.csv,0.7206,True,scratch/publication_figures/fig/genus_disjoint_generalization_binary_curves/rki/binary_curves_metrics_cross_species_True_inf_pairs_no_singleton_genera.csv,0.8225,False
generalization,macro,all_pairs,DRIAMS-A,species,Contrastive Transformer,0.9682,scratch/publication_figures/fig/generalization_binary_curves/driams-a/binary_curves_metrics_cross_species_False_inf_balanced_pairs.csv,0.9682,True,scratch/publication_figures/fig/generalization_binary_curves/driams-a/binary_curves_metrics_cross_species_False_inf_balanced_pairs_no_singleton_genera.csv,0.9933,False
generalization,macro,all_pairs,RKI,species,Contrastive Transformer,0.8928,scratch/publication_figures/fig/generalization_binary_curves/rki/binary_curves_metrics_cross_species_False_inf_balanced_pairs.csv,0.8928,True,scratch/publication_figures/fig/generalization_binary_curves/rki/binary_curves_metrics_cross_species_False_inf_balanced_pairs_no_singleton_genera.csv,0.8331,False
generalization,macro,all_pairs,DRIAMS-A,genera,Contrastive Transformer,0.9171,scratch/publication_figures/fig/genus_disjoint_generalization_binary_curves/driams-a/binary_curves_metrics_cross_species_False_inf_balanced_pairs.csv,0.9171,True,,,unavailable
generalization,macro,all_pairs,RKI,genera,Contrastive Transformer,0.9410,scratch/publication_figures/fig/genus_disjoint_generalization_binary_curves/rki/binary_curves_metrics_cross_species_False_inf_balanced_pairs.csv,0.9410,True,,,unavailable
generalization,macro,all_pairs,DRIAMS-A,species,MALDI Transformer,0.7972,scratch/publication_figures/fig/generalization_binary_curves/driams-a/binary_curves_metrics_cross_species_False_inf_balanced_pairs.csv,0.7972,True,scratch/publication_figures/fig/generalization_binary_curves/driams-a/binary_curves_metrics_cross_species_False_inf_balanced_pairs_no_singleton_genera.csv,0.9293,False
generalization,macro,all_pairs,RKI,species,MALDI Transformer,0.7000,scratch/publication_figures/fig/generalization_binary_curves/rki/binary_curves_metrics_cross_species_False_inf_balanced_pairs.csv,0.7000,True,scratch/publication_figures/fig/generalization_binary_curves/rki/binary_curves_metrics_cross_species_False_inf_balanced_pairs_no_singleton_genera.csv,0.6077,False
generalization,macro,all_pairs,DRIAMS-A,genera,MALDI Transformer,0.5979,scratch/publication_figures/fig/genus_disjoint_generalization_binary_curves/driams-a/binary_curves_metrics_cross_species_False_inf_balanced_pairs.csv,0.5979,True,,,unavailable
generalization,macro,all_pairs,RKI,genera,MALDI Transformer,0.7457,scratch/publication_figures/fig/genus_disjoint_generalization_binary_curves/rki/binary_curves_metrics_cross_species_False_inf_balanced_pairs.csv,0.7457,True,,,unavailable
generalization,macro,all_pairs,DRIAMS-A,species,Cosine,0.8172,scratch/publication_figures/fig/generalization_binary_curves/driams-a/binary_curves_metrics_cross_species_False_inf_balanced_pairs.csv,0.8172,True,scratch/publication_figures/fig/generalization_binary_curves/driams-a/binary_curves_metrics_cross_species_False_inf_balanced_pairs_no_singleton_genera.csv,0.8604,False
generalization,macro,all_pairs,RKI,species,Cosine,0.8396,scratch/publication_figures/fig/generalization_binary_curves/rki/binary_curves_metrics_cross_species_False_inf_balanced_pairs.csv,0.8396,True,scratch/publication_figures/fig/generalization_binary_curves/rki/binary_curves_metrics_cross_species_False_inf_balanced_pairs_no_singleton_genera.csv,0.7282,False
generalization,macro,all_pairs,DRIAMS-A,genera,Cosine,0.8189,scratch/publication_figures/fig/genus_disjoint_generalization_binary_curves/driams-a/binary_curves_metrics_cross_species_False_inf_balanced_pairs.csv,0.8189,True,,,unavailable
generalization,macro,all_pairs,RKI,genera,Cosine,0.9009,scratch/publication_figures/fig/genus_disjoint_generalization_binary_curves/rki/binary_curves_metrics_cross_species_False_inf_balanced_pairs.csv,0.9009,True,,,unavailable
generalization,macro,all_pairs,DRIAMS-A,species,Cosine (Intensity-agnostic),0.8718,scratch/publication_figures/fig/generalization_binary_curves/driams-a/binary_curves_metrics_cross_species_False_inf_balanced_pairs.csv,0.8718,True,scratch/publication_figures/fig/generalization_binary_curves/driams-a/binary_curves_metrics_cross_species_False_inf_balanced_pairs_no_singleton_genera.csv,0.8384,False
generalization,macro,all_pairs,RKI,species,Cosine (Intensity-agnostic),0.8133,scratch/publication_figures/fig/generalization_binary_curves/rki/binary_curves_metrics_cross_species_False_inf_balanced_pairs.csv,0.8133,True,scratch/publication_figures/fig/generalization_binary_curves/rki/binary_curves_metrics_cross_species_False_inf_balanced_pairs_no_singleton_genera.csv,0.6886,False
generalization,macro,all_pairs,DRIAMS-A,genera,Cosine (Intensity-agnostic),0.8287,scratch/publication_figures/fig/genus_disjoint_generalization_binary_curves/driams-a/binary_curves_metrics_cross_species_False_inf_balanced_pairs.csv,0.8287,True,,,unavailable
generalization,macro,all_pairs,RKI,genera,Cosine (Intensity-agnostic),0.8955,scratch/publication_figures/fig/genus_disjoint_generalization_binary_curves/rki/binary_curves_metrics_cross_species_False_inf_balanced_pairs.csv,0.8955,True,,,unavailable
generalization,macro,cross_species,DRIAMS-A,species,Contrastive Transformer,0.8206,scratch/publication_figures/fig/generalization_binary_curves/driams-a/binary_curves_metrics_cross_species_True_inf_balanced_pairs.csv,0.8206,True,scratch/publication_figures/fig/generalization_binary_curves/driams-a/binary_curves_metrics_cross_species_True_inf_balanced_pairs_no_singleton_genera.csv,0.9889,False
generalization,macro,cross_species,RKI,species,Contrastive Transformer,0.5624,scratch/publication_figures/fig/generalization_binary_curves/rki/binary_curves_metrics_cross_species_True_inf_balanced_pairs.csv,0.5624,True,scratch/publication_figures/fig/generalization_binary_curves/rki/binary_curves_metrics_cross_species_True_inf_balanced_pairs_no_singleton_genera.csv,0.7419,False
generalization,macro,cross_species,DRIAMS-A,genera,Contrastive Transformer,0.7063,scratch/publication_figures/fig/genus_disjoint_generalization_binary_curves/driams-a/binary_curves_metrics_cross_species_True_inf_balanced_pairs.csv,0.7063,True,scratch/publication_figures/fig/genus_disjoint_generalization_binary_curves/driams-a/binary_curves_metrics_cross_species_True_inf_balanced_pairs_no_singleton_genera.csv,0.8121,False
generalization,macro,cross_species,RKI,genera,Contrastive Transformer,0.5478,scratch/publication_figures/fig/genus_disjoint_generalization_binary_curves/rki/binary_curves_metrics_cross_species_True_inf_balanced_pairs.csv,0.5478,True,scratch/publication_figures/fig/genus_disjoint_generalization_binary_curves/rki/binary_curves_metrics_cross_species_True_inf_balanced_pairs_no_singleton_genera.csv,0.8661,False
generalization,macro,cross_species,DRIAMS-A,species,MALDI Transformer,0.3088,scratch/publication_figures/fig/generalization_binary_curves/driams-a/binary_curves_metrics_cross_species_True_inf_balanced_pairs.csv,0.3088,True,scratch/publication_figures/fig/generalization_binary_curves/driams-a/binary_curves_metrics_cross_species_True_inf_balanced_pairs_no_singleton_genera.csv,0.8664,False
generalization,macro,cross_species,RKI,species,MALDI Transformer,0.2857,scratch/publication_figures/fig/generalization_binary_curves/rki/binary_curves_metrics_cross_species_True_inf_balanced_pairs.csv,0.2857,True,scratch/publication_figures/fig/generalization_binary_curves/rki/binary_curves_metrics_cross_species_True_inf_balanced_pairs_no_singleton_genera.csv,0.4803,False
generalization,macro,cross_species,DRIAMS-A,genera,MALDI Transformer,0.2744,scratch/publication_figures/fig/genus_disjoint_generalization_binary_curves/driams-a/binary_curves_metrics_cross_species_True_inf_balanced_pairs.csv,0.2744,True,scratch/publication_figures/fig/genus_disjoint_generalization_binary_curves/driams-a/binary_curves_metrics_cross_species_True_inf_balanced_pairs_no_singleton_genera.csv,0.4125,False
generalization,macro,cross_species,RKI,genera,MALDI Transformer,0.2728,scratch/publication_figures/fig/genus_disjoint_generalization_binary_curves/rki/binary_curves_metrics_cross_species_True_inf_balanced_pairs.csv,0.2728,True,scratch/publication_figures/fig/genus_disjoint_generalization_binary_curves/rki/binary_curves_metrics_cross_species_True_inf_balanced_pairs_no_singleton_genera.csv,0.6572,False
generalization,macro,cross_species,DRIAMS-A,species,Cosine,0.1181,scratch/publication_figures/fig/generalization_binary_curves/driams-a/binary_curves_metrics_cross_species_True_inf_balanced_pairs.csv,0.1181,True,scratch/publication_figures/fig/generalization_binary_curves/driams-a/binary_curves_metrics_cross_species_True_inf_balanced_pairs_no_singleton_genera.csv,0.6681,False
generalization,macro,cross_species,RKI,species,Cosine,0.4203,scratch/publication_figures/fig/generalization_binary_curves/rki/binary_curves_metrics_cross_species_True_inf_balanced_pairs.csv,0.4203,True,scratch/publication_figures/fig/generalization_binary_curves/rki/binary_curves_metrics_cross_species_True_inf_balanced_pairs_no_singleton_genera.csv,0.6037,False
generalization,macro,cross_species,DRIAMS-A,genera,Cosine,0.4478,scratch/publication_figures/fig/genus_disjoint_generalization_binary_curves/driams-a/binary_curves_metrics_cross_species_True_inf_balanced_pairs.csv,0.4478,True,scratch/publication_figures/fig/genus_disjoint_generalization_binary_curves/driams-a/binary_curves_metrics_cross_species_True_inf_balanced_pairs_no_singleton_genera.csv,0.6315,False
generalization,macro,cross_species,RKI,genera,Cosine,0.4014,scratch/publication_figures/fig/genus_disjoint_generalization_binary_curves/rki/binary_curves_metrics_cross_species_True_inf_balanced_pairs.csv,0.4014,True,scratch/publication_figures/fig/genus_disjoint_generalization_binary_curves/rki/binary_curves_metrics_cross_species_True_inf_balanced_pairs_no_singleton_genera.csv,0.7463,False
generalization,macro,cross_species,DRIAMS-A,species,Cosine (Intensity-agnostic),0.1224,scratch/publication_figures/fig/generalization_binary_curves/driams-a/binary_curves_metrics_cross_species_True_inf_balanced_pairs.csv,0.1224,True,scratch/publication_figures/fig/generalization_binary_curves/driams-a/binary_curves_metrics_cross_species_True_inf_balanced_pairs_no_singleton_genera.csv,0.5742,False
generalization,macro,cross_species,RKI,species,Cosine (Intensity-agnostic),0.2805,scratch/publication_figures/fig/generalization_binary_curves/rki/binary_curves_metrics_cross_species_True_inf_balanced_pairs.csv,0.2805,True,scratch/publication_figures/fig/generalization_binary_curves/rki/binary_curves_metrics_cross_species_True_inf_balanced_pairs_no_singleton_genera.csv,0.5106,False
generalization,macro,cross_species,DRIAMS-A,genera,Cosine (Intensity-agnostic),0.4175,scratch/publication_figures/fig/genus_disjoint_generalization_binary_curves/driams-a/binary_curves_metrics_cross_species_True_inf_balanced_pairs.csv,0.4175,True,scratch/publication_figures/fig/genus_disjoint_generalization_binary_curves/driams-a/binary_curves_metrics_cross_species_True_inf_balanced_pairs_no_singleton_genera.csv,0.5837,False
generalization,macro,cross_species,RKI,genera,Cosine (Intensity-agnostic),0.3001,scratch/publication_figures/fig/genus_disjoint_generalization_binary_curves/rki/binary_curves_metrics_cross_species_True_inf_balanced_pairs.csv,0.3001,True,scratch/publication_figures/fig/genus_disjoint_generalization_binary_curves/rki/binary_curves_metrics_cross_species_True_inf_balanced_pairs_no_singleton_genera.csv,0.6994,False
