sample	domain	genus	species	species_epithet	classification	classification_method	fastani_reference	fastani_ani	fastani_af	closest_placement_reference	note	warnings
SL1002	Bacteria	Caballeronia			d__Bacteria;p__Pseudomonadota;c__Gammaproteobacteria;o__Burkholderiales;f__Burkholderiaceae;g__Caballeronia;s__	taxonomic classification defined by topology and ANI				N/A	classification based on placement in class-level tree	N/A
SL1003	Bacteria	Mucilaginibacter			d__Bacteria;p__Bacteroidota;c__Bacteroidia;o__Sphingobacteriales;f__Sphingobacteriaceae;g__Mucilaginibacter;s__	taxonomic classification defined by topology and ANI				GCF_030409325.1	classification based on placement in class-level tree	N/A
SL1004	Bacteria	Sphingomonas			d__Bacteria;p__Pseudomonadota;c__Alphaproteobacteria;o__Sphingomonadales;f__Sphingomonadaceae;g__Sphingomonas;s__	taxonomic classification defined by topology and ANI				N/A	classification based on placement in class-level tree	N/A
SL1010	Archaea				d__Archaea;p__Asgardarchaeota;c__Njordarchaeia;o__;f__;g__;s__	taxonomic novelty determined using RED				N/A	N/A	N/A
SL1033	Bacteria	Pseudomonas_E	Pseudomonas_E helmanticensis	helmanticensis	d__Bacteria;p__Pseudomonadota;c__Gammaproteobacteria;o__Pseudomonadales;f__Pseudomonadaceae;g__Pseudomonas_E;s__Pseudomonas_E helmanticensis	ani_screen				N/A	classification based on ANI only	N/A
SL1046	Bacteria	Pseudomonas_E	Pseudomonas_E edaphica	edaphica	d__Bacteria;p__Pseudomonadota;c__Gammaproteobacteria;o__Pseudomonadales;f__Pseudomonadaceae;g__Pseudomonas_E;s__Pseudomonas_E edaphica	ani_screen				N/A	classification based on ANI only	N/A
SL1064	Bacteria	Acinetobacter	Acinetobacter sp003410005	sp003410005	d__Bacteria;p__Pseudomonadota;c__Gammaproteobacteria;o__Pseudomonadales;f__Moraxellaceae;g__Acinetobacter;s__Acinetobacter sp003410005	ani_screen				N/A	classification based on ANI only	N/A
SL1071	Bacteria	Acinetobacter	Acinetobacter sp003410005	sp003410005	d__Bacteria;p__Pseudomonadota;c__Gammaproteobacteria;o__Pseudomonadales;f__Moraxellaceae;g__Acinetobacter;s__Acinetobacter sp003410005	ani_screen				N/A	classification based on ANI only	N/A
SL1072	Bacteria	Pseudomonas_E	Pseudomonas_E paracarnis	paracarnis	d__Bacteria;p__Pseudomonadota;c__Gammaproteobacteria;o__Pseudomonadales;f__Pseudomonadaceae;g__Pseudomonas_E;s__Pseudomonas_E paracarnis	ani_screen				N/A	classification based on ANI only	N/A
SL1086	Bacteria	Pseudomonas_E	Pseudomonas_E azotoformans_A	azotoformans_A	d__Bacteria;p__Pseudomonadota;c__Gammaproteobacteria;o__Pseudomonadales;f__Pseudomonadaceae;g__Pseudomonas_E;s__Pseudomonas_E azotoformans_A	ani_screen				N/A	classification based on ANI only	N/A
SL1092	Bacteria	Pseudomonas_E	Pseudomonas_E paraversuta	paraversuta	d__Bacteria;p__Pseudomonadota;c__Gammaproteobacteria;o__Pseudomonadales;f__Pseudomonadaceae;g__Pseudomonas_E;s__Pseudomonas_E paraversuta	ani_screen				N/A	classification based on ANI only	N/A
SL1095	Bacteria	Pseudomonas_E	Pseudomonas_E sp013386585	sp013386585	d__Bacteria;p__Pseudomonadota;c__Gammaproteobacteria;o__Pseudomonadales;f__Pseudomonadaceae;g__Pseudomonas_E;s__Pseudomonas_E sp013386585	ani_screen				N/A	classification based on ANI only	N/A
SL1097	Bacteria	Pseudomonas_E	Pseudomonas_E paracarnis	paracarnis	d__Bacteria;p__Pseudomonadota;c__Gammaproteobacteria;o__Pseudomonadales;f__Pseudomonadaceae;g__Pseudomonas_E;s__Pseudomonas_E paracarnis	ani_screen				N/A	classification based on ANI only	N/A
SL1098	Bacteria	Duganella	Duganella zoogloeoides	zoogloeoides	d__Bacteria;p__Pseudomonadota;c__Gammaproteobacteria;o__Burkholderiales;f__Burkholderiaceae;g__Duganella;s__Duganella zoogloeoides	ani_screen				N/A	classification based on ANI only	N/A
SL1102	Bacteria	Pseudomonas_E	Pseudomonas_E azotoformans_A	azotoformans_A	d__Bacteria;p__Pseudomonadota;c__Gammaproteobacteria;o__Pseudomonadales;f__Pseudomonadaceae;g__Pseudomonas_E;s__Pseudomonas_E azotoformans_A	ani_screen				N/A	classification based on ANI only	N/A
SL1105	Bacteria	Pseudomonas_E			d__Bacteria;p__Pseudomonadota;c__Gammaproteobacteria;o__Pseudomonadales;f__Pseudomonadaceae;g__Pseudomonas_E;s__	taxonomic classification defined by topology and ANI				GCA_029202525.1	classification based on placement in class-level tree	Genome not assigned to closest species as it falls outside its pre-defined ANI radius
SL1107	Bacteria	Chryseobacterium	Chryseobacterium indoltheticum	indoltheticum	d__Bacteria;p__Bacteroidota;c__Bacteroidia;o__Flavobacteriales;f__Weeksellaceae;g__Chryseobacterium;s__Chryseobacterium indoltheticum	ani_screen				N/A	classification based on ANI only	N/A
