sample	threshold_level	threshold_pct	taxon_rank	taxon	hit_count	rank
SL1002	genus	95.0	genus	Burkholderia	605	1
SL1002	genus	95.0	genus	Caballeronia	179	2
SL1002	genus	95.0	genus	Paraburkholderia	56	3
SL1002	genus	95.0	genus	Eubacterium	6	4
SL1002	genus	95.0	genus	Pararobbsia	4	5
SL1002	genus	95.0	genus	Trinickia	4	6
SL1002	genus	95.0	genus	Beta	1	7
SL1002	genus	95.0	species	Burkholderia glumae	264	1
SL1002	genus	95.0	species	Burkholderia gladioli	142	2
SL1002	genus	95.0	species	Burkholderia pyrrocinia	22	3
SL1002	genus	95.0	species	Burkholderia oklahomensis	20	4
SL1002	genus	95.0	species	Burkholderia plantarii	15	5
SL1002	genus	95.0	species	Paraburkholderia aromaticivorans	13	6
SL1002	genus	95.0	species	Burkholderia cepacia	11	7
SL1002	genus	95.0	species	Burkholderia stabilis	10	8
SL1002	genus	95.0	species	Burkholderia savannae	8	9
SL1002	genus	95.0	species	Burkholderia lata	8	10
SL1002	genus	95.0	species	Paraburkholderia phytofirmans	7	11
SL1002	genus	95.0	species	Burkholderia ubonensis	7	12
SL1002	genus	95.0	species	Caballeronia cordobensis	6	13
SL1002	genus	95.0	species	Burkholderia theae	6	14
SL1002	genus	95.0	species	Paraburkholderia graminis	6	15
SL1002	genus	95.0	species	Paraburkholderia caribensis	6	16
SL1002	genus	95.0	species	Caballeronia insecticola	5	17
SL1002	genus	95.0	species	Caballeronia grimmiae	5	18
SL1002	genus	95.0	species	Pararobbsia alpina	4	19
SL1002	genus	95.0	species	Burkholderia perseverans	4	20
SL1002	genus	95.0	species	Burkholderia mayonis	4	21
SL1002	genus	95.0	species	Trinickia violacea	4	22
SL1002	genus	95.0	species	Caballeronia glathei	3	23
SL1002	genus	95.0	species	Caballeronia terrestris	2	24
SL1002	genus	95.0	species	Caballeronia sordidicola	2	25
SL1002	genus	95.0	species	Caballeronia telluris	2	26
SL1002	genus	95.0	species	Caballeronia humi	1	27
SL1002	genus	95.0	species	Paraburkholderia saeva	1	28
SL1002	genus	95.0	species	Burkholderia rinojensis	1	29
SL1002	genus	95.0	species	Paraburkholderia phenazinium	1	30
SL1002	genus	95.0	species	Paraburkholderia nemoris	1	31
SL1002	genus	95.0	species	Paraburkholderia haematera	1	32
SL1002	genus	95.0	species	Burkholderia guangdongensis	1	33
SL1002	genus	95.0	species	Burkholderia catarinensis	1	34
SL1002	genus	95.0	species	Candidatus Burkholderia verschuerenii	1	35
SL1002	genus	95.0	species	Caballeronia arationis	1	36
SL1002	genus	95.0	species	Burkholderia contaminans	1	37
SL1002	species	97.0	genus	Burkholderia	494	1
SL1002	species	97.0	genus	Caballeronia	155	2
SL1002	species	97.0	genus	Paraburkholderia	30	3
SL1002	species	97.0	genus	Eubacterium	6	4
SL1002	species	97.0	genus	Pararobbsia	4	5
SL1002	species	97.0	genus	Beta	1	6
SL1002	species	97.0	species	Burkholderia glumae	251	1
SL1002	species	97.0	species	Burkholderia gladioli	136	2
SL1002	species	97.0	species	Burkholderia oklahomensis	19	3
SL1002	species	97.0	species	Burkholderia plantarii	15	4
SL1002	species	97.0	species	Paraburkholderia phytofirmans	7	5
SL1002	species	97.0	species	Paraburkholderia aromaticivorans	6	6
SL1002	species	97.0	species	Burkholderia pyrrocinia	6	7
SL1002	species	97.0	species	Caballeronia insecticola	5	8
SL1002	species	97.0	species	Burkholderia savannae	5	9
SL1002	species	97.0	species	Pararobbsia alpina	4	10
SL1002	species	97.0	species	Burkholderia perseverans	4	11
SL1002	species	97.0	species	Caballeronia cordobensis	4	12
SL1002	species	97.0	species	Caballeronia glathei	3	13
SL1002	species	97.0	species	Caballeronia terrestris	2	14
SL1002	species	97.0	species	Caballeronia sordidicola	2	15
SL1002	species	97.0	species	Caballeronia telluris	2	16
SL1002	species	97.0	species	Burkholderia theae	2	17
SL1002	species	97.0	species	Caballeronia humi	1	18
SL1002	species	97.0	species	Paraburkholderia saeva	1	19
SL1002	species	97.0	species	Burkholderia rinojensis	1	20
SL1002	species	97.0	species	Paraburkholderia phenazinium	1	21
SL1002	species	97.0	species	Paraburkholderia nemoris	1	22
SL1002	species	97.0	species	Paraburkholderia haematera	1	23
SL1002	species	97.0	species	Burkholderia guangdongensis	1	24
SL1002	species	97.0	species	Burkholderia catarinensis	1	25
SL1002	species	97.0	species	Burkholderia mayonis	1	26
SL1002	species	97.0	species	Candidatus Burkholderia verschuerenii	1	27
SL1002	species	97.0	species	Caballeronia arationis	1	28
SL1003	genus	95.0	genus	Mucilaginibacter	283	1
SL1003	genus	95.0	genus	Sphingobacterium	1	2
SL1003	genus	95.0	genus	Pedobacter	1	3
SL1003	genus	95.0	species	Mucilaginibacter rubeus	22	1
SL1003	genus	95.0	species	Mucilaginibacter cryoferens	7	2
SL1003	genus	95.0	species	Mucilaginibacter metallidurans	5	3
SL1003	genus	95.0	species	Mucilaginibacter rigui	5	4
SL1003	genus	95.0	species	Mucilaginibacter saanensis	4	5
SL1003	genus	95.0	species	Mucilaginibacter ginsenosidivorax	4	6
SL1003	genus	95.0	species	Mucilaginibacter sediminis	4	7
SL1003	genus	95.0	species	Mucilaginibacter geliditolerans	4	8
SL1003	genus	95.0	species	Mucilaginibacter xinganensis	4	9
SL1003	genus	95.0	species	Mucilaginibacter celer	4	10
SL1003	genus	95.0	species	Mucilaginibacter yixingensis	4	11
SL1003	genus	95.0	species	Mucilaginibacter sabulilitoris	3	12
SL1003	genus	95.0	species	Mucilaginibacter terrenus	3	13
SL1003	genus	95.0	species	Mucilaginibacter tundrae	3	14
SL1003	genus	95.0	species	Mucilaginibacter gossypii	3	15
SL1003	genus	95.0	species	Mucilaginibacter ximonensis	3	16
SL1003	genus	95.0	species	Mucilaginibacter inviolabilis	2	17
SL1003	genus	95.0	species	Mucilaginibacter mallensis	2	18
SL1003	genus	95.0	species	Mucilaginibacter glaciei	2	19
SL1003	genus	95.0	species	Mucilaginibacter aquaedulcis	2	20
SL1003	genus	95.0	species	Mucilaginibacter oryzae	2	21
SL1003	genus	95.0	species	Mucilaginibacter achroorhodeus	2	22
SL1003	genus	95.0	species	Mucilaginibacter mali	2	23
SL1003	genus	95.0	species	Mucilaginibacter aurantiaciroseus	2	24
SL1003	genus	95.0	species	Mucilaginibacter ginsenosidivorans	2	25
SL1003	genus	95.0	species	Mucilaginibacter auburnensis	2	26
SL1003	genus	95.0	species	Mucilaginibacter conchicola	2	27
SL1003	genus	95.0	species	Mucilaginibacter humi	2	28
SL1003	genus	95.0	species	Mucilaginibacter pankratovii	2	29
SL1003	genus	95.0	species	Mucilaginibacter psychrotolerans	2	30
SL1003	genus	95.0	species	Mucilaginibacter defluvii	2	31
SL1003	genus	95.0	species	Mucilaginibacter kameinonensis	2	32
SL1003	genus	95.0	species	Mucilaginibacter polysacchareus	2	33
SL1003	genus	95.0	species	Mucilaginibacter gilvus	2	34
SL1003	genus	95.0	species	Mucilaginibacter lappiensis	2	35
SL1003	genus	95.0	species	Mucilaginibacter agri	2	36
SL1003	genus	95.0	species	Mucilaginibacter pineti	1	37
SL1003	genus	95.0	species	Mucilaginibacter pocheonensis	1	38
SL1003	genus	95.0	species	Mucilaginibacter panaciglaebae	1	39
SL1003	genus	95.0	species	Mucilaginibacter dorajii	1	40
SL1003	genus	95.0	species	Mucilaginibacter calamicampi	1	41
SL1003	genus	95.0	species	Mucilaginibacter gynuensis	1	42
SL1003	genus	95.0	species	Mucilaginibacter puniceus	1	43
SL1003	genus	95.0	species	Mucilaginibacter composti	1	44
SL1003	genus	95.0	species	Mucilaginibacter ginkgonis	1	45
SL1003	genus	95.0	species	Mucilaginibacter flavidus	1	46
SL1003	genus	95.0	species	Mucilaginibacter soli	1	47
SL1003	genus	95.0	species	Mucilaginibacter angelicae	1	48
SL1003	genus	95.0	species	Mucilaginibacter boryungensis	1	49
SL1003	genus	95.0	species	Mucilaginibacter polytrichastri	1	50
SL1003	genus	95.0	species	Mucilaginibacter soyangensis	1	51
SL1003	genus	95.0	species	Mucilaginibacter segetis	1	52
SL1003	genus	95.0	species	Mucilaginibacter carri	1	53
SL1003	genus	95.0	species	Mucilaginibacter terrigena	1	54
SL1003	genus	95.0	species	Mucilaginibacter formosus	1	55
SL1003	genus	95.0	species	Mucilaginibacter phyllosphaerae	1	56
SL1003	genus	95.0	species	Mucilaginibacter hurinus	1	57
SL1003	genus	95.0	species	Mucilaginibacter flavus	1	58
SL1003	genus	95.0	species	Mucilaginibacter lutimaris	1	59
SL1003	genus	95.0	species	Mucilaginibacter endophyticus	1	60
SL1003	genus	95.0	species	Mucilaginibacter fluminis	1	61
SL1003	genus	95.0	species	Mucilaginibacter litoreus	1	62
SL1003	species	97.0	genus	Mucilaginibacter	48	1
SL1003	species	97.0	species	Mucilaginibacter saanensis	4	1
SL1003	species	97.0	species	Mucilaginibacter ginsenosidivorax	4	2
SL1003	species	97.0	species	Mucilaginibacter sabulilitoris	3	3
SL1003	species	97.0	species	Mucilaginibacter inviolabilis	2	4
SL1003	species	97.0	species	Mucilaginibacter aquaedulcis	2	5
SL1003	species	97.0	species	Mucilaginibacter lappiensis	2	6
SL1003	species	97.0	species	Mucilaginibacter pineti	1	7
SL1003	species	97.0	species	Mucilaginibacter pocheonensis	1	8
SL1003	species	97.0	species	Mucilaginibacter dorajii	1	9
SL1003	species	97.0	species	Mucilaginibacter calamicampi	1	10
SL1004	genus	95.0	genus	Sphingomonas	245	1
SL1004	genus	95.0	species	Sphingomonas aerolata	26	1
SL1004	genus	95.0	species	Sphingomonas faeni	19	2
SL1004	genus	95.0	species	Sphingomonas aurantiaca	4	3
SL1004	genus	95.0	species	Sphingomonas melonis	4	4
SL1004	genus	95.0	species	Sphingomonas albertensis	3	5
SL1004	genus	95.0	species	Sphingomonas radiodurans	2	6
SL1004	genus	95.0	species	Sphingomonas olei	2	7
SL1004	genus	95.0	species	Sphingomonas panaciterrae	1	8
SL1004	genus	95.0	species	Sphingomonas sorbitolis	1	9
SL1004	genus	95.0	species	Sphingomonas ginsenosidivorax	1	10
SL1004	genus	95.0	species	Sphingomonas fucosidasi	1	11
SL1004	species	97.0	genus	Sphingomonas	236	1
SL1004	species	97.0	species	Sphingomonas aerolata	26	1
SL1004	species	97.0	species	Sphingomonas faeni	19	2
SL1004	species	97.0	species	Sphingomonas albertensis	3	3
SL1004	species	97.0	species	Sphingomonas aurantiaca	3	4
SL1004	species	97.0	species	Sphingomonas radiodurans	2	5
SL1004	species	97.0	species	Sphingomonas olei	1	6
SL1004	species	97.0	species	Sphingomonas panaciterrae	1	7
SL1004	species	97.0	species	Sphingomonas sorbitolis	1	8
SL1004	species	97.0	species	Sphingomonas ginsenosidivorax	1	9
SL1004	species	97.0	species	Sphingomonas fucosidasi	1	10
SL1033	genus	95.0	genus	Pseudomonas	1615	1
SL1033	genus	95.0	genus	Stutzerimonas	14	2
SL1033	genus	95.0	genus	Xylella	1	3
SL1033	genus	95.0	genus	Eubacterium	1	4
SL1033	genus	95.0	species	Pseudomonas fluorescens	79	1
SL1033	genus	95.0	species	Pseudomonas atacamensis	57	2
SL1033	genus	95.0	species	Pseudomonas koreensis	52	3
SL1033	genus	95.0	species	Pseudomonas moraviensis	50	4
SL1033	genus	95.0	species	Pseudomonas germanica	45	5
SL1033	genus	95.0	species	Pseudomonas siliginis	45	6
SL1033	genus	95.0	species	Pseudomonas umsongensis	30	7
SL1033	genus	95.0	species	Pseudomonas putida	29	8
SL1033	genus	95.0	species	Pseudomonas mohnii	28	9
SL1033	genus	95.0	species	Pseudomonas kribbensis	24	10
SL1033	genus	95.0	species	Pseudomonas serbica	21	11
SL1033	genus	95.0	species	Pseudomonas baetica	15	12
SL1033	genus	95.0	species	Pseudomonas synxantha	14	13
SL1033	genus	95.0	species	Stutzerimonas stutzeri	14	14
SL1033	genus	95.0	species	Pseudomonas granadensis	13	15
SL1033	genus	95.0	species	Pseudomonas laurylsulfatiphila	13	16
SL1033	genus	95.0	species	Pseudomonas zeae	12	17
SL1033	genus	95.0	species	Pseudomonas reinekei	12	18
SL1033	genus	95.0	species	Pseudomonas azerbaijanoccidentalis	12	19
SL1033	genus	95.0	species	Pseudomonas chlororaphis	11	20
SL1033	genus	95.0	species	Pseudomonas jessenii	10	21
SL1033	genus	95.0	species	Pseudomonas glycinae	9	22
SL1033	genus	95.0	species	Pseudomonas rustica	8	23
SL1033	genus	95.0	species	Pseudomonas iridis	7	24
SL1033	genus	95.0	species	Pseudomonas moorei	7	25
SL1033	genus	95.0	species	Pseudomonas grandcourensis	7	26
SL1033	genus	95.0	species	Pseudomonas fitomaticsae	7	27
SL1033	genus	95.0	species	Pseudomonas monachiensis	7	28
SL1033	genus	95.0	species	Pseudomonas donghuensis	7	29
SL1033	genus	95.0	species	Pseudomonas azerbaijanorientalis	7	30
SL1033	genus	95.0	species	Pseudomonas izuensis	7	31
SL1033	genus	95.0	species	Pseudomonas neuropathica	6	32
SL1033	genus	95.0	species	Pseudomonas tensinigenes	6	33
SL1033	genus	95.0	species	Pseudomonas syringae	6	34
SL1033	genus	95.0	species	Pseudomonas laurylsulfativorans	6	35
SL1033	genus	95.0	species	Pseudomonas allokribbensis	6	36
SL1033	genus	95.0	species	Pseudomonas gozinkensis	6	37
SL1033	genus	95.0	species	Pseudomonas monsensis	6	38
SL1033	genus	95.0	species	Pseudomonas batumici	6	39
SL1033	genus	95.0	species	Pseudomonas parakoreensis	6	40
SL1033	genus	95.0	species	Pseudomonas vancouverensis	6	41
SL1033	genus	95.0	species	Pseudomonas migulae	6	42
SL1033	genus	95.0	species	Pseudomonas hamedanensis	5	43
SL1033	genus	95.0	species	Pseudomonas triticicola	5	44
SL1033	genus	95.0	species	Pseudomonas iranensis	5	45
SL1033	genus	95.0	species	Pseudomonas crudilactis	2	46
SL1033	genus	95.0	species	Pseudomonas soyae	2	47
SL1033	genus	95.0	species	Pseudomonas serboccidentalis	2	48
SL1033	genus	95.0	species	Pseudomonas teessidea	1	49
SL1033	genus	95.0	species	Pseudomonas pavonaceae	1	50
SL1033	genus	95.0	species	Pseudomonas helmanticensis	1	51
SL1033	species	97.0	genus	Pseudomonas	1613	1
SL1033	species	97.0	genus	Stutzerimonas	14	2
SL1033	species	97.0	genus	Xylella	1	3
SL1033	species	97.0	genus	Eubacterium	1	4
SL1033	species	97.0	species	Pseudomonas fluorescens	79	1
SL1033	species	97.0	species	Pseudomonas atacamensis	57	2
SL1033	species	97.0	species	Pseudomonas koreensis	52	3
SL1033	species	97.0	species	Pseudomonas moraviensis	50	4
SL1033	species	97.0	species	Pseudomonas germanica	45	5
SL1033	species	97.0	species	Pseudomonas siliginis	45	6
SL1033	species	97.0	species	Pseudomonas umsongensis	29	7
SL1033	species	97.0	species	Pseudomonas putida	29	8
SL1033	species	97.0	species	Pseudomonas mohnii	28	9
SL1033	species	97.0	species	Pseudomonas kribbensis	24	10
SL1033	species	97.0	species	Pseudomonas serbica	21	11
SL1033	species	97.0	species	Pseudomonas baetica	15	12
SL1033	species	97.0	species	Pseudomonas synxantha	14	13
SL1033	species	97.0	species	Stutzerimonas stutzeri	14	14
SL1033	species	97.0	species	Pseudomonas granadensis	13	15
SL1033	species	97.0	species	Pseudomonas laurylsulfatiphila	13	16
SL1033	species	97.0	species	Pseudomonas zeae	12	17
SL1033	species	97.0	species	Pseudomonas reinekei	12	18
SL1033	species	97.0	species	Pseudomonas azerbaijanoccidentalis	12	19
SL1033	species	97.0	species	Pseudomonas chlororaphis	11	20
SL1033	species	97.0	species	Pseudomonas jessenii	10	21
SL1033	species	97.0	species	Pseudomonas rustica	8	22
SL1033	species	97.0	species	Pseudomonas glycinae	8	23
SL1033	species	97.0	species	Pseudomonas iridis	7	24
SL1033	species	97.0	species	Pseudomonas moorei	7	25
SL1033	species	97.0	species	Pseudomonas grandcourensis	7	26
SL1033	species	97.0	species	Pseudomonas fitomaticsae	7	27
SL1033	species	97.0	species	Pseudomonas monachiensis	7	28
SL1033	species	97.0	species	Pseudomonas donghuensis	7	29
SL1033	species	97.0	species	Pseudomonas azerbaijanorientalis	7	30
SL1033	species	97.0	species	Pseudomonas izuensis	7	31
SL1033	species	97.0	species	Pseudomonas neuropathica	6	32
SL1033	species	97.0	species	Pseudomonas tensinigenes	6	33
SL1033	species	97.0	species	Pseudomonas syringae	6	34
SL1033	species	97.0	species	Pseudomonas laurylsulfativorans	6	35
SL1033	species	97.0	species	Pseudomonas allokribbensis	6	36
SL1033	species	97.0	species	Pseudomonas gozinkensis	6	37
SL1033	species	97.0	species	Pseudomonas monsensis	6	38
SL1033	species	97.0	species	Pseudomonas batumici	6	39
SL1033	species	97.0	species	Pseudomonas parakoreensis	6	40
SL1033	species	97.0	species	Pseudomonas vancouverensis	6	41
SL1033	species	97.0	species	Pseudomonas migulae	6	42
SL1033	species	97.0	species	Pseudomonas hamedanensis	5	43
SL1033	species	97.0	species	Pseudomonas triticicola	5	44
SL1033	species	97.0	species	Pseudomonas iranensis	5	45
SL1033	species	97.0	species	Pseudomonas crudilactis	2	46
SL1033	species	97.0	species	Pseudomonas soyae	2	47
SL1033	species	97.0	species	Pseudomonas serboccidentalis	2	48
SL1033	species	97.0	species	Pseudomonas teessidea	1	49
SL1033	species	97.0	species	Pseudomonas pavonaceae	1	50
SL1033	species	97.0	species	Pseudomonas helmanticensis	1	51
SL1046	genus	95.0	genus	Pseudomonas	1927	1
SL1046	genus	95.0	genus	Bacillus	1	2
SL1046	genus	95.0	genus	Impatiens	1	3
SL1046	genus	95.0	genus	Klebsiella	1	4
SL1046	genus	95.0	species	Pseudomonas poae	159	1
SL1046	genus	95.0	species	Pseudomonas trivialis	136	2
SL1046	genus	95.0	species	Pseudomonas veronii	129	3
SL1046	genus	95.0	species	Pseudomonas fluorescens	96	4
SL1046	genus	95.0	species	Pseudomonas simiae	68	5
SL1046	genus	95.0	species	Pseudomonas synxantha	68	6
SL1046	genus	95.0	species	Pseudomonas canadensis	36	7
SL1046	genus	95.0	species	Pseudomonas lurida	36	8
SL1046	genus	95.0	species	Pseudomonas orientalis	31	9
SL1046	genus	95.0	species	Pseudomonas yamanorum	30	10
SL1046	genus	95.0	species	Pseudomonas palleroniana	30	11
SL1046	genus	95.0	species	Pseudomonas azotoformans	25	12
SL1046	genus	95.0	species	Pseudomonas sivasensis	24	13
SL1046	genus	95.0	species	Pseudomonas allii	21	14
SL1046	genus	95.0	species	Pseudomonas antarctica	18	15
SL1046	genus	95.0	species	Pseudomonas tolaasii	17	16
SL1046	genus	95.0	species	Pseudomonas extremorientalis	16	17
SL1046	genus	95.0	species	Pseudomonas marginalis	15	18
SL1046	genus	95.0	species	Pseudomonas gorinensis	15	19
SL1046	genus	95.0	species	Pseudomonas rhodesiae	15	20
SL1046	genus	95.0	species	Pseudomonas kielensis	15	21
SL1046	genus	95.0	species	Pseudomonas migulae	14	22
SL1046	genus	95.0	species	Pseudomonas brenneri	13	23
SL1046	genus	95.0	species	Pseudomonas proteolytica	13	24
SL1046	genus	95.0	species	Pseudomonas salmasensis	12	25
SL1046	genus	95.0	species	Pseudomonas hormoni	12	26
SL1046	genus	95.0	species	Pseudomonas extremaustralis	11	27
SL1046	genus	95.0	species	Pseudomonas pergaminensis	10	28
SL1046	genus	95.0	species	Pseudomonas mucidolens	10	29
SL1046	genus	95.0	species	Pseudomonas shahriarae	9	30
SL1046	genus	95.0	species	Pseudomonas khavaziana	7	31
SL1046	genus	95.0	species	Pseudomonas asgharzadehiana	7	32
SL1046	genus	95.0	species	Pseudomonas lactis	6	33
SL1046	genus	95.0	species	Pseudomonas paracarnis	6	34
SL1046	genus	95.0	species	Pseudomonas cyclaminis	6	35
SL1046	genus	95.0	species	Pseudomonas gelidaquae	6	36
SL1046	genus	95.0	species	Pseudomonas arvensis	6	37
SL1046	genus	95.0	species	Pseudomonas libanensis	6	38
SL1046	genus	95.0	species	Pseudomonas hygromyciniae	6	39
SL1046	genus	95.0	species	Pseudomonas paraveronii	6	40
SL1046	genus	95.0	species	Pseudomonas tritici	5	41
SL1046	genus	95.0	species	Pseudomonas petroselini	5	42
SL1046	genus	95.0	species	Pseudomonas imrae	5	43
SL1046	genus	95.0	species	Pseudomonas cedrina	5	44
SL1046	genus	95.0	species	Pseudomonas carnis	2	45
SL1046	genus	95.0	species	Bacillus altitudinis	1	46
SL1046	genus	95.0	species	Pseudomonas haemolytica	1	47
SL1046	genus	95.0	species	Impatiens imbecilla	1	48
SL1046	genus	95.0	species	Pseudomonas gessardii	1	49
SL1046	genus	95.0	species	Klebsiella oxytoca	1	50
SL1046	species	97.0	genus	Pseudomonas	1927	1
SL1046	species	97.0	genus	Bacillus	1	2
SL1046	species	97.0	genus	Impatiens	1	3
SL1046	species	97.0	genus	Klebsiella	1	4
SL1046	species	97.0	species	Pseudomonas poae	159	1
SL1046	species	97.0	species	Pseudomonas trivialis	136	2
SL1046	species	97.0	species	Pseudomonas veronii	129	3
SL1046	species	97.0	species	Pseudomonas fluorescens	96	4
SL1046	species	97.0	species	Pseudomonas simiae	68	5
SL1046	species	97.0	species	Pseudomonas synxantha	68	6
SL1046	species	97.0	species	Pseudomonas canadensis	36	7
SL1046	species	97.0	species	Pseudomonas lurida	36	8
SL1046	species	97.0	species	Pseudomonas orientalis	31	9
SL1046	species	97.0	species	Pseudomonas yamanorum	30	10
SL1046	species	97.0	species	Pseudomonas palleroniana	30	11
SL1046	species	97.0	species	Pseudomonas azotoformans	25	12
SL1046	species	97.0	species	Pseudomonas sivasensis	24	13
SL1046	species	97.0	species	Pseudomonas allii	21	14
SL1046	species	97.0	species	Pseudomonas antarctica	18	15
SL1046	species	97.0	species	Pseudomonas tolaasii	17	16
SL1046	species	97.0	species	Pseudomonas extremorientalis	16	17
SL1046	species	97.0	species	Pseudomonas marginalis	15	18
SL1046	species	97.0	species	Pseudomonas gorinensis	15	19
SL1046	species	97.0	species	Pseudomonas rhodesiae	15	20
SL1046	species	97.0	species	Pseudomonas kielensis	15	21
SL1046	species	97.0	species	Pseudomonas migulae	14	22
SL1046	species	97.0	species	Pseudomonas brenneri	13	23
SL1046	species	97.0	species	Pseudomonas proteolytica	13	24
SL1046	species	97.0	species	Pseudomonas salmasensis	12	25
SL1046	species	97.0	species	Pseudomonas hormoni	12	26
SL1046	species	97.0	species	Pseudomonas extremaustralis	11	27
SL1046	species	97.0	species	Pseudomonas pergaminensis	10	28
SL1046	species	97.0	species	Pseudomonas mucidolens	10	29
SL1046	species	97.0	species	Pseudomonas shahriarae	9	30
SL1046	species	97.0	species	Pseudomonas khavaziana	7	31
SL1046	species	97.0	species	Pseudomonas asgharzadehiana	7	32
SL1046	species	97.0	species	Pseudomonas lactis	6	33
SL1046	species	97.0	species	Pseudomonas paracarnis	6	34
SL1046	species	97.0	species	Pseudomonas cyclaminis	6	35
SL1046	species	97.0	species	Pseudomonas gelidaquae	6	36
SL1046	species	97.0	species	Pseudomonas arvensis	6	37
SL1046	species	97.0	species	Pseudomonas libanensis	6	38
SL1046	species	97.0	species	Pseudomonas hygromyciniae	6	39
SL1046	species	97.0	species	Pseudomonas paraveronii	6	40
SL1046	species	97.0	species	Pseudomonas tritici	5	41
SL1046	species	97.0	species	Pseudomonas petroselini	5	42
SL1046	species	97.0	species	Pseudomonas imrae	5	43
SL1046	species	97.0	species	Pseudomonas cedrina	5	44
SL1046	species	97.0	species	Pseudomonas carnis	2	45
SL1046	species	97.0	species	Bacillus altitudinis	1	46
SL1046	species	97.0	species	Pseudomonas haemolytica	1	47
SL1046	species	97.0	species	Impatiens imbecilla	1	48
SL1046	species	97.0	species	Pseudomonas gessardii	1	49
SL1046	species	97.0	species	Klebsiella oxytoca	1	50
SL1064	genus	95.0	genus	Acinetobacter	1415	1
SL1064	genus	95.0	genus	Lysinibacillus	1	2
SL1064	genus	95.0	species	Acinetobacter pittii	536	1
SL1064	genus	95.0	species	Acinetobacter seifertii	264	2
SL1064	genus	95.0	species	Acinetobacter nosocomialis	148	3
SL1064	genus	95.0	species	Acinetobacter calcoaceticus	89	4
SL1064	genus	95.0	species	Acinetobacter soli	57	5
SL1064	genus	95.0	species	Acinetobacter oleivorans	37	6
SL1064	genus	95.0	species	Acinetobacter lactucae	34	7
SL1064	genus	95.0	species	Acinetobacter chenhuanii	13	8
SL1064	genus	95.0	species	Acinetobacter baumannii	12	9
SL1064	genus	95.0	species	Acinetobacter rhizosphaerae	8	10
SL1064	genus	95.0	species	Acinetobacter junii	2	11
SL1064	species	97.0	genus	Acinetobacter	1414	1
SL1064	species	97.0	genus	Lysinibacillus	1	2
SL1064	species	97.0	species	Acinetobacter pittii	535	1
SL1064	species	97.0	species	Acinetobacter seifertii	264	2
SL1064	species	97.0	species	Acinetobacter nosocomialis	148	3
SL1064	species	97.0	species	Acinetobacter calcoaceticus	89	4
SL1064	species	97.0	species	Acinetobacter soli	57	5
SL1064	species	97.0	species	Acinetobacter oleivorans	37	6
SL1064	species	97.0	species	Acinetobacter lactucae	34	7
SL1064	species	97.0	species	Acinetobacter chenhuanii	13	8
SL1064	species	97.0	species	Acinetobacter baumannii	12	9
SL1064	species	97.0	species	Acinetobacter rhizosphaerae	8	10
SL1064	species	97.0	species	Acinetobacter junii	2	11
SL1071	genus	95.0	genus	Pseudomonas	1	1
SL1071	genus	95.0	species	Pseudomonas putida	1	1
SL1072	genus	95.0	genus	Pseudomonas	1395	1
SL1072	genus	95.0	genus	Bacillus	1	2
SL1072	genus	95.0	species	Pseudomonas poae	158	1
SL1072	genus	95.0	species	Pseudomonas trivialis	136	2
SL1072	genus	95.0	species	Pseudomonas synxantha	73	3
SL1072	genus	95.0	species	Pseudomonas simiae	62	4
SL1072	genus	95.0	species	Pseudomonas fluorescens	38	5
SL1072	genus	95.0	species	Pseudomonas lurida	36	6
SL1072	genus	95.0	species	Pseudomonas canadensis	36	7
SL1072	genus	95.0	species	Pseudomonas azotoformans	33	8
SL1072	genus	95.0	species	Pseudomonas yamanorum	30	9
SL1072	genus	95.0	species	Pseudomonas palleroniana	30	10
SL1072	genus	95.0	species	Pseudomonas allii	20	11
SL1072	genus	95.0	species	Pseudomonas tolaasii	17	12
SL1072	genus	95.0	species	Pseudomonas extremorientalis	16	13
SL1072	genus	95.0	species	Pseudomonas brenneri	13	14
SL1072	genus	95.0	species	Pseudomonas salmasensis	12	15
SL1072	genus	95.0	species	Pseudomonas libanensis	12	16
SL1072	genus	95.0	species	Pseudomonas proteolytica	12	17
SL1072	genus	95.0	species	Pseudomonas migulae	12	18
SL1072	genus	95.0	species	Pseudomonas hormoni	12	19
SL1072	genus	95.0	species	Pseudomonas pergaminensis	11	20
SL1072	genus	95.0	species	Pseudomonas mucidolens	11	21
SL1072	genus	95.0	species	Pseudomonas shahriarae	9	22
SL1072	genus	95.0	species	Pseudomonas cedrina	9	23
SL1072	genus	95.0	species	Pseudomonas lactis	7	24
SL1072	genus	95.0	species	Pseudomonas paracarnis	7	25
SL1072	genus	95.0	species	Pseudomonas khavaziana	7	26
SL1072	genus	95.0	species	Pseudomonas orientalis	7	27
SL1072	genus	95.0	species	Pseudomonas hygromyciniae	6	28
SL1072	genus	95.0	species	Pseudomonas imrae	5	29
SL1072	genus	95.0	species	Pseudomonas chlororaphis	5	30
SL1072	genus	95.0	species	Pseudomonas reactans	4	31
SL1072	genus	95.0	species	Pseudomonas gessardii	3	32
SL1072	genus	95.0	species	Pseudomonas carnis	2	33
SL1072	genus	95.0	species	Bacillus altitudinis	1	34
SL1072	species	97.0	genus	Pseudomonas	1394	1
SL1072	species	97.0	genus	Bacillus	1	2
SL1072	species	97.0	species	Pseudomonas poae	158	1
SL1072	species	97.0	species	Pseudomonas trivialis	135	2
SL1072	species	97.0	species	Pseudomonas synxantha	73	3
SL1072	species	97.0	species	Pseudomonas simiae	62	4
SL1072	species	97.0	species	Pseudomonas fluorescens	38	5
SL1072	species	97.0	species	Pseudomonas lurida	36	6
SL1072	species	97.0	species	Pseudomonas canadensis	36	7
SL1072	species	97.0	species	Pseudomonas azotoformans	33	8
SL1072	species	97.0	species	Pseudomonas yamanorum	30	9
SL1072	species	97.0	species	Pseudomonas palleroniana	30	10
SL1072	species	97.0	species	Pseudomonas allii	20	11
SL1072	species	97.0	species	Pseudomonas tolaasii	17	12
SL1072	species	97.0	species	Pseudomonas extremorientalis	16	13
SL1072	species	97.0	species	Pseudomonas brenneri	13	14
SL1072	species	97.0	species	Pseudomonas salmasensis	12	15
SL1072	species	97.0	species	Pseudomonas libanensis	12	16
SL1072	species	97.0	species	Pseudomonas proteolytica	12	17
SL1072	species	97.0	species	Pseudomonas migulae	12	18
SL1072	species	97.0	species	Pseudomonas hormoni	12	19
SL1072	species	97.0	species	Pseudomonas pergaminensis	11	20
SL1072	species	97.0	species	Pseudomonas mucidolens	11	21
SL1072	species	97.0	species	Pseudomonas shahriarae	9	22
SL1072	species	97.0	species	Pseudomonas cedrina	9	23
SL1072	species	97.0	species	Pseudomonas lactis	7	24
SL1072	species	97.0	species	Pseudomonas paracarnis	7	25
SL1072	species	97.0	species	Pseudomonas khavaziana	7	26
SL1072	species	97.0	species	Pseudomonas orientalis	7	27
SL1072	species	97.0	species	Pseudomonas hygromyciniae	6	28
SL1072	species	97.0	species	Pseudomonas imrae	5	29
SL1072	species	97.0	species	Pseudomonas chlororaphis	5	30
SL1072	species	97.0	species	Pseudomonas reactans	4	31
SL1072	species	97.0	species	Pseudomonas gessardii	3	32
SL1072	species	97.0	species	Pseudomonas carnis	2	33
SL1072	species	97.0	species	Bacillus altitudinis	1	34
SL1086	genus	95.0	genus	Pseudomonas	1332	1
SL1086	genus	95.0	genus	Bacillus	1	2
SL1086	genus	95.0	species	Pseudomonas poae	158	1
SL1086	genus	95.0	species	Pseudomonas trivialis	135	2
SL1086	genus	95.0	species	Pseudomonas synxantha	74	3
SL1086	genus	95.0	species	Pseudomonas simiae	68	4
SL1086	genus	95.0	species	Pseudomonas fluorescens	40	5
SL1086	genus	95.0	species	Pseudomonas lurida	36	6
SL1086	genus	95.0	species	Pseudomonas canadensis	36	7
SL1086	genus	95.0	species	Pseudomonas azotoformans	30	8
SL1086	genus	95.0	species	Pseudomonas yamanorum	25	9
SL1086	genus	95.0	species	Pseudomonas allii	21	10
SL1086	genus	95.0	species	Pseudomonas palleroniana	18	11
SL1086	genus	95.0	species	Pseudomonas tolaasii	17	12
SL1086	genus	95.0	species	Pseudomonas pergaminensis	15	13
SL1086	genus	95.0	species	Pseudomonas brenneri	13	14
SL1086	genus	95.0	species	Pseudomonas salmasensis	12	15
SL1086	genus	95.0	species	Pseudomonas proteolytica	12	16
SL1086	genus	95.0	species	Pseudomonas libanensis	11	17
SL1086	genus	95.0	species	Pseudomonas mucidolens	11	18
SL1086	genus	95.0	species	Pseudomonas shahriarae	9	19
SL1086	genus	95.0	species	Pseudomonas cedrina	8	20
SL1086	genus	95.0	species	Pseudomonas paracarnis	7	21
SL1086	genus	95.0	species	Pseudomonas khavaziana	7	22
SL1086	genus	95.0	species	Pseudomonas orientalis	7	23
SL1086	genus	95.0	species	Pseudomonas lactis	6	24
SL1086	genus	95.0	species	Pseudomonas hygromyciniae	6	25
SL1086	genus	95.0	species	Pseudomonas migulae	6	26
SL1086	genus	95.0	species	Pseudomonas antarctica	6	27
SL1086	genus	95.0	species	Pseudomonas imrae	5	28
SL1086	genus	95.0	species	Pseudomonas chlororaphis	5	29
SL1086	genus	95.0	species	Pseudomonas tritici	5	30
SL1086	genus	95.0	species	Pseudomonas reactans	4	31
SL1086	genus	95.0	species	Pseudomonas gessardii	3	32
SL1086	genus	95.0	species	Pseudomonas carnis	2	33
SL1086	genus	95.0	species	Bacillus altitudinis	1	34
SL1086	species	97.0	genus	Pseudomonas	1331	1
SL1086	species	97.0	genus	Bacillus	1	2
SL1086	species	97.0	species	Pseudomonas poae	158	1
SL1086	species	97.0	species	Pseudomonas trivialis	134	2
SL1086	species	97.0	species	Pseudomonas synxantha	74	3
SL1086	species	97.0	species	Pseudomonas simiae	68	4
SL1086	species	97.0	species	Pseudomonas fluorescens	40	5
SL1086	species	97.0	species	Pseudomonas lurida	36	6
SL1086	species	97.0	species	Pseudomonas canadensis	36	7
SL1086	species	97.0	species	Pseudomonas azotoformans	30	8
SL1086	species	97.0	species	Pseudomonas yamanorum	25	9
SL1086	species	97.0	species	Pseudomonas allii	21	10
SL1086	species	97.0	species	Pseudomonas palleroniana	18	11
SL1086	species	97.0	species	Pseudomonas tolaasii	17	12
SL1086	species	97.0	species	Pseudomonas pergaminensis	15	13
SL1086	species	97.0	species	Pseudomonas brenneri	13	14
SL1086	species	97.0	species	Pseudomonas salmasensis	12	15
SL1086	species	97.0	species	Pseudomonas proteolytica	12	16
SL1086	species	97.0	species	Pseudomonas libanensis	11	17
SL1086	species	97.0	species	Pseudomonas mucidolens	11	18
SL1086	species	97.0	species	Pseudomonas shahriarae	9	19
SL1086	species	97.0	species	Pseudomonas cedrina	8	20
SL1086	species	97.0	species	Pseudomonas paracarnis	7	21
SL1086	species	97.0	species	Pseudomonas khavaziana	7	22
SL1086	species	97.0	species	Pseudomonas orientalis	7	23
SL1086	species	97.0	species	Pseudomonas lactis	6	24
SL1086	species	97.0	species	Pseudomonas hygromyciniae	6	25
SL1086	species	97.0	species	Pseudomonas migulae	6	26
SL1086	species	97.0	species	Pseudomonas antarctica	6	27
SL1086	species	97.0	species	Pseudomonas imrae	5	28
SL1086	species	97.0	species	Pseudomonas chlororaphis	5	29
SL1086	species	97.0	species	Pseudomonas tritici	5	30
SL1086	species	97.0	species	Pseudomonas reactans	4	31
SL1086	species	97.0	species	Pseudomonas gessardii	3	32
SL1086	species	97.0	species	Pseudomonas carnis	2	33
SL1086	species	97.0	species	Bacillus altitudinis	1	34
SL1092	genus	95.0	genus	Pseudomonas	1880	1
SL1092	genus	95.0	genus	Impatiens	1	2
SL1092	genus	95.0	genus	Bacillus	1	3
SL1092	genus	95.0	genus	Klebsiella	1	4
SL1092	genus	95.0	species	Pseudomonas veronii	135	1
SL1092	genus	95.0	species	Pseudomonas trivialis	135	2
SL1092	genus	95.0	species	Pseudomonas fluorescens	116	3
SL1092	genus	95.0	species	Pseudomonas synxantha	62	4
SL1092	genus	95.0	species	Pseudomonas simiae	62	5
SL1092	genus	95.0	species	Pseudomonas poae	59	6
SL1092	genus	95.0	species	Pseudomonas canadensis	36	7
SL1092	genus	95.0	species	Pseudomonas marginalis	33	8
SL1092	genus	95.0	species	Pseudomonas yamanorum	32	9
SL1092	genus	95.0	species	Pseudomonas azotoformans	28	10
SL1092	genus	95.0	species	Pseudomonas sivasensis	24	11
SL1092	genus	95.0	species	Pseudomonas rhodesiae	20	12
SL1092	genus	95.0	species	Pseudomonas allii	20	13
SL1092	genus	95.0	species	Pseudomonas lurida	20	14
SL1092	genus	95.0	species	Pseudomonas hormoni	18	15
SL1092	genus	95.0	species	Pseudomonas antarctica	18	16
SL1092	genus	95.0	species	Pseudomonas migulae	17	17
SL1092	genus	95.0	species	Pseudomonas kielensis	15	18
SL1092	genus	95.0	species	Pseudomonas gorinensis	15	19
SL1092	genus	95.0	species	Pseudomonas brenneri	13	20
SL1092	genus	95.0	species	Pseudomonas proteolytica	13	21
SL1092	genus	95.0	species	Pseudomonas orientalis	13	22
SL1092	genus	95.0	species	Pseudomonas prosekii	12	23
SL1092	genus	95.0	species	Pseudomonas salmasensis	12	24
SL1092	genus	95.0	species	Pseudomonas extremaustralis	11	25
SL1092	genus	95.0	species	Pseudomonas mucidolens	10	26
SL1092	genus	95.0	species	Pseudomonas pergaminensis	10	27
SL1092	genus	95.0	species	Pseudomonas brassicacearum	9	28
SL1092	genus	95.0	species	Pseudomonas shahriarae	9	29
SL1092	genus	95.0	species	Pseudomonas helleri	8	30
SL1092	genus	95.0	species	Pseudomonas khavaziana	7	31
SL1092	genus	95.0	species	Pseudomonas libanensis	7	32
SL1092	genus	95.0	species	Pseudomonas lini	7	33
SL1092	genus	95.0	species	Pseudomonas asgharzadehiana	7	34
SL1092	genus	95.0	species	Pseudomonas arsenicoxydans	6	35
SL1092	genus	95.0	species	Pseudomonas arvensis	6	36
SL1092	genus	95.0	species	Pseudomonas paraveronii	6	37
SL1092	genus	95.0	species	Pseudomonas cyclaminis	6	38
SL1092	genus	95.0	species	Pseudomonas lactis	6	39
SL1092	genus	95.0	species	Pseudomonas paracarnis	6	40
SL1092	genus	95.0	species	Pseudomonas chlororaphis	6	41
SL1092	genus	95.0	species	Pseudomonas hygromyciniae	6	42
SL1092	genus	95.0	species	Pseudomonas gelidaquae	6	43
SL1092	genus	95.0	species	Pseudomonas petroselini	5	44
SL1092	genus	95.0	species	Pseudomonas imrae	5	45
SL1092	genus	95.0	species	Pseudomonas tritici	5	46
SL1092	genus	95.0	species	Pseudomonas psychrophila	2	47
SL1092	genus	95.0	species	Pseudomonas mandelii	1	48
SL1092	genus	95.0	species	Pseudomonas haemolytica	1	49
SL1092	genus	95.0	species	Impatiens imbecilla	1	50
SL1092	genus	95.0	species	Pseudomonas collierea	1	51
SL1092	genus	95.0	species	Bacillus altitudinis	1	52
SL1092	genus	95.0	species	Pseudomonas gessardii	1	53
SL1092	genus	95.0	species	Klebsiella oxytoca	1	54
SL1092	genus	95.0	species	Pseudomonas carnis	1	55
SL1092	species	97.0	genus	Pseudomonas	1879	1
SL1092	species	97.0	genus	Impatiens	1	2
SL1092	species	97.0	genus	Bacillus	1	3
SL1092	species	97.0	genus	Klebsiella	1	4
SL1092	species	97.0	species	Pseudomonas veronii	135	1
SL1092	species	97.0	species	Pseudomonas trivialis	134	2
SL1092	species	97.0	species	Pseudomonas fluorescens	116	3
SL1092	species	97.0	species	Pseudomonas synxantha	62	4
SL1092	species	97.0	species	Pseudomonas simiae	62	5
SL1092	species	97.0	species	Pseudomonas poae	59	6
SL1092	species	97.0	species	Pseudomonas canadensis	36	7
SL1092	species	97.0	species	Pseudomonas marginalis	33	8
SL1092	species	97.0	species	Pseudomonas yamanorum	32	9
SL1092	species	97.0	species	Pseudomonas azotoformans	28	10
SL1092	species	97.0	species	Pseudomonas sivasensis	24	11
SL1092	species	97.0	species	Pseudomonas rhodesiae	20	12
SL1092	species	97.0	species	Pseudomonas allii	20	13
SL1092	species	97.0	species	Pseudomonas lurida	20	14
SL1092	species	97.0	species	Pseudomonas hormoni	18	15
SL1092	species	97.0	species	Pseudomonas antarctica	18	16
SL1092	species	97.0	species	Pseudomonas migulae	17	17
SL1092	species	97.0	species	Pseudomonas kielensis	15	18
SL1092	species	97.0	species	Pseudomonas gorinensis	15	19
SL1092	species	97.0	species	Pseudomonas brenneri	13	20
SL1092	species	97.0	species	Pseudomonas proteolytica	13	21
SL1092	species	97.0	species	Pseudomonas orientalis	13	22
SL1092	species	97.0	species	Pseudomonas prosekii	12	23
SL1092	species	97.0	species	Pseudomonas salmasensis	12	24
SL1092	species	97.0	species	Pseudomonas extremaustralis	11	25
SL1092	species	97.0	species	Pseudomonas mucidolens	10	26
SL1092	species	97.0	species	Pseudomonas pergaminensis	10	27
SL1092	species	97.0	species	Pseudomonas brassicacearum	9	28
SL1092	species	97.0	species	Pseudomonas shahriarae	9	29
SL1092	species	97.0	species	Pseudomonas helleri	8	30
SL1092	species	97.0	species	Pseudomonas khavaziana	7	31
SL1092	species	97.0	species	Pseudomonas libanensis	7	32
SL1092	species	97.0	species	Pseudomonas lini	7	33
SL1092	species	97.0	species	Pseudomonas asgharzadehiana	7	34
SL1092	species	97.0	species	Pseudomonas arsenicoxydans	6	35
SL1092	species	97.0	species	Pseudomonas arvensis	6	36
SL1092	species	97.0	species	Pseudomonas paraveronii	6	37
SL1092	species	97.0	species	Pseudomonas cyclaminis	6	38
SL1092	species	97.0	species	Pseudomonas lactis	6	39
SL1092	species	97.0	species	Pseudomonas paracarnis	6	40
SL1092	species	97.0	species	Pseudomonas chlororaphis	6	41
SL1092	species	97.0	species	Pseudomonas hygromyciniae	6	42
SL1092	species	97.0	species	Pseudomonas gelidaquae	6	43
SL1092	species	97.0	species	Pseudomonas petroselini	5	44
SL1092	species	97.0	species	Pseudomonas imrae	5	45
SL1092	species	97.0	species	Pseudomonas tritici	5	46
SL1092	species	97.0	species	Pseudomonas psychrophila	2	47
SL1092	species	97.0	species	Pseudomonas mandelii	1	48
SL1092	species	97.0	species	Pseudomonas haemolytica	1	49
SL1092	species	97.0	species	Impatiens imbecilla	1	50
SL1092	species	97.0	species	Pseudomonas collierea	1	51
SL1092	species	97.0	species	Bacillus altitudinis	1	52
SL1092	species	97.0	species	Pseudomonas gessardii	1	53
SL1092	species	97.0	species	Klebsiella oxytoca	1	54
SL1092	species	97.0	species	Pseudomonas carnis	1	55
SL1095	genus	95.0	genus	Pseudomonas	2056	1
SL1095	genus	95.0	genus	Xylella	1	2
SL1095	genus	95.0	species	Pseudomonas chlororaphis	413	1
SL1095	genus	95.0	species	Pseudomonas fluorescens	88	2
SL1095	genus	95.0	species	Pseudomonas atacamensis	57	3
SL1095	genus	95.0	species	Pseudomonas koreensis	50	4
SL1095	genus	95.0	species	Pseudomonas moraviensis	46	5
SL1095	genus	95.0	species	Pseudomonas siliginis	45	6
SL1095	genus	95.0	species	Pseudomonas germanica	45	7
SL1095	genus	95.0	species	Pseudomonas palleroniana	30	8
SL1095	genus	95.0	species	Pseudomonas synxantha	25	9
SL1095	genus	95.0	species	Pseudomonas kribbensis	24	10
SL1095	genus	95.0	species	Pseudomonas serbica	21	11
SL1095	genus	95.0	species	Pseudomonas mohnii	21	12
SL1095	genus	95.0	species	Pseudomonas lini	19	13
SL1095	genus	95.0	species	Pseudomonas tolaasii	17	14
SL1095	genus	95.0	species	Pseudomonas putida	15	15
SL1095	genus	95.0	species	Pseudomonas umsongensis	15	16
SL1095	genus	95.0	species	Pseudomonas zeae	12	17
SL1095	genus	95.0	species	Pseudomonas azerbaijanoccidentalis	12	18
SL1095	genus	95.0	species	Pseudomonas granadensis	12	19
SL1095	genus	95.0	species	Pseudomonas azotoformans	12	20
SL1095	genus	95.0	species	Pseudomonas salmasensis	12	21
SL1095	genus	95.0	species	Pseudomonas glycinae	9	22
SL1095	genus	95.0	species	Pseudomonas rustica	8	23
SL1095	genus	95.0	species	Pseudomonas fitomaticsae	7	24
SL1095	genus	95.0	species	Pseudomonas moorei	7	25
SL1095	genus	95.0	species	Pseudomonas grandcourensis	7	26
SL1095	genus	95.0	species	Pseudomonas gozinkensis	6	27
SL1095	genus	95.0	species	Pseudomonas allokribbensis	6	28
SL1095	genus	95.0	species	Pseudomonas lurida	6	29
SL1095	genus	95.0	species	Pseudomonas syringae	6	30
SL1095	genus	95.0	species	Pseudomonas reinekei	6	31
SL1095	genus	95.0	species	Pseudomonas neuropathica	6	32
SL1095	genus	95.0	species	Pseudomonas laurylsulfatiphila	6	33
SL1095	genus	95.0	species	Pseudomonas migulae	6	34
SL1095	genus	95.0	species	Pseudomonas monsensis	6	35
SL1095	genus	95.0	species	Pseudomonas helvetica	6	36
SL1095	genus	95.0	species	Pseudomonas vancouverensis	6	37
SL1095	genus	95.0	species	Pseudomonas paracarnis	6	38
SL1095	genus	95.0	species	Pseudomonas extremorientalis	6	39
SL1095	genus	95.0	species	Pseudomonas libanensis	6	40
SL1095	genus	95.0	species	Pseudomonas hormoni	6	41
SL1095	genus	95.0	species	Pseudomonas proteolytica	6	42
SL1095	genus	95.0	species	Pseudomonas lactis	6	43
SL1095	genus	95.0	species	Pseudomonas batumici	6	44
SL1095	genus	95.0	species	Pseudomonas khavaziana	6	45
SL1095	genus	95.0	species	Pseudomonas triticicola	5	46
SL1095	genus	95.0	species	Pseudomonas iranensis	5	47
SL1095	genus	95.0	species	Pseudomonas hamedanensis	5	48
SL1095	genus	95.0	species	Pseudomonas pergaminensis	5	49
SL1095	genus	95.0	species	Pseudomonas mucidolens	5	50
SL1095	genus	95.0	species	Pseudomonas gessardii	5	51
SL1095	genus	95.0	species	Pseudomonas yamanorum	5	52
SL1095	genus	95.0	species	Pseudomonas imrae	5	53
SL1095	genus	95.0	species	Pseudomonas serboccidentalis	2	54
SL1095	genus	95.0	species	Pseudomonas brassicacearum	2	55
SL1095	genus	95.0	species	Pseudomonas soyae	2	56
SL1095	genus	95.0	species	Pseudomonas crudilactis	2	57
SL1095	genus	95.0	species	Pseudomonas carnis	2	58
SL1095	genus	95.0	species	Pseudomonas baetica	1	59
SL1095	genus	95.0	species	Pseudomonas poae	1	60
SL1095	genus	95.0	species	Pseudomonas jessenii	1	61
SL1095	species	97.0	genus	Pseudomonas	2050	1
SL1095	species	97.0	genus	Xylella	1	2
SL1095	species	97.0	species	Pseudomonas chlororaphis	411	1
SL1095	species	97.0	species	Pseudomonas fluorescens	88	2
SL1095	species	97.0	species	Pseudomonas atacamensis	57	3
SL1095	species	97.0	species	Pseudomonas koreensis	50	4
SL1095	species	97.0	species	Pseudomonas moraviensis	46	5
SL1095	species	97.0	species	Pseudomonas siliginis	45	6
SL1095	species	97.0	species	Pseudomonas germanica	45	7
SL1095	species	97.0	species	Pseudomonas palleroniana	28	8
SL1095	species	97.0	species	Pseudomonas synxantha	25	9
SL1095	species	97.0	species	Pseudomonas kribbensis	24	10
SL1095	species	97.0	species	Pseudomonas serbica	21	11
SL1095	species	97.0	species	Pseudomonas mohnii	21	12
SL1095	species	97.0	species	Pseudomonas lini	19	13
SL1095	species	97.0	species	Pseudomonas tolaasii	17	14
SL1095	species	97.0	species	Pseudomonas putida	15	15
SL1095	species	97.0	species	Pseudomonas umsongensis	15	16
SL1095	species	97.0	species	Pseudomonas zeae	12	17
SL1095	species	97.0	species	Pseudomonas azerbaijanoccidentalis	12	18
SL1095	species	97.0	species	Pseudomonas granadensis	12	19
SL1095	species	97.0	species	Pseudomonas azotoformans	12	20
SL1095	species	97.0	species	Pseudomonas salmasensis	12	21
SL1095	species	97.0	species	Pseudomonas glycinae	8	22
SL1095	species	97.0	species	Pseudomonas rustica	8	23
SL1095	species	97.0	species	Pseudomonas fitomaticsae	7	24
SL1095	species	97.0	species	Pseudomonas moorei	7	25
SL1095	species	97.0	species	Pseudomonas grandcourensis	7	26
SL1095	species	97.0	species	Pseudomonas gozinkensis	6	27
SL1095	species	97.0	species	Pseudomonas allokribbensis	6	28
SL1095	species	97.0	species	Pseudomonas lurida	6	29
SL1095	species	97.0	species	Pseudomonas syringae	6	30
SL1095	species	97.0	species	Pseudomonas reinekei	6	31
SL1095	species	97.0	species	Pseudomonas neuropathica	6	32
SL1095	species	97.0	species	Pseudomonas laurylsulfatiphila	6	33
SL1095	species	97.0	species	Pseudomonas migulae	6	34
SL1095	species	97.0	species	Pseudomonas monsensis	6	35
SL1095	species	97.0	species	Pseudomonas helvetica	6	36
SL1095	species	97.0	species	Pseudomonas vancouverensis	6	37
SL1095	species	97.0	species	Pseudomonas paracarnis	6	38
SL1095	species	97.0	species	Pseudomonas extremorientalis	6	39
SL1095	species	97.0	species	Pseudomonas libanensis	6	40
SL1095	species	97.0	species	Pseudomonas hormoni	6	41
SL1095	species	97.0	species	Pseudomonas proteolytica	6	42
SL1095	species	97.0	species	Pseudomonas lactis	6	43
SL1095	species	97.0	species	Pseudomonas batumici	6	44
SL1095	species	97.0	species	Pseudomonas khavaziana	6	45
SL1095	species	97.0	species	Pseudomonas triticicola	5	46
SL1095	species	97.0	species	Pseudomonas iranensis	5	47
SL1095	species	97.0	species	Pseudomonas hamedanensis	5	48
SL1095	species	97.0	species	Pseudomonas pergaminensis	5	49
SL1095	species	97.0	species	Pseudomonas mucidolens	5	50
SL1095	species	97.0	species	Pseudomonas gessardii	5	51
SL1095	species	97.0	species	Pseudomonas yamanorum	5	52
SL1095	species	97.0	species	Pseudomonas imrae	5	53
SL1095	species	97.0	species	Pseudomonas serboccidentalis	2	54
SL1095	species	97.0	species	Pseudomonas brassicacearum	2	55
SL1095	species	97.0	species	Pseudomonas soyae	2	56
SL1095	species	97.0	species	Pseudomonas crudilactis	2	57
SL1095	species	97.0	species	Pseudomonas carnis	2	58
SL1095	species	97.0	species	Pseudomonas baetica	1	59
SL1095	species	97.0	species	Pseudomonas poae	1	60
SL1095	species	97.0	species	Pseudomonas jessenii	1	61
SL1097	genus	95.0	genus	Pseudomonas	1332	1
SL1097	genus	95.0	genus	Bacillus	1	2
SL1097	genus	95.0	species	Pseudomonas poae	158	1
SL1097	genus	95.0	species	Pseudomonas trivialis	135	2
SL1097	genus	95.0	species	Pseudomonas synxantha	74	3
SL1097	genus	95.0	species	Pseudomonas simiae	68	4
SL1097	genus	95.0	species	Pseudomonas fluorescens	40	5
SL1097	genus	95.0	species	Pseudomonas lurida	36	6
SL1097	genus	95.0	species	Pseudomonas canadensis	36	7
SL1097	genus	95.0	species	Pseudomonas azotoformans	30	8
SL1097	genus	95.0	species	Pseudomonas yamanorum	25	9
SL1097	genus	95.0	species	Pseudomonas allii	21	10
SL1097	genus	95.0	species	Pseudomonas palleroniana	18	11
SL1097	genus	95.0	species	Pseudomonas tolaasii	17	12
SL1097	genus	95.0	species	Pseudomonas pergaminensis	15	13
SL1097	genus	95.0	species	Pseudomonas brenneri	13	14
SL1097	genus	95.0	species	Pseudomonas salmasensis	12	15
SL1097	genus	95.0	species	Pseudomonas proteolytica	12	16
SL1097	genus	95.0	species	Pseudomonas libanensis	11	17
SL1097	genus	95.0	species	Pseudomonas mucidolens	11	18
SL1097	genus	95.0	species	Pseudomonas shahriarae	9	19
SL1097	genus	95.0	species	Pseudomonas cedrina	8	20
SL1097	genus	95.0	species	Pseudomonas paracarnis	7	21
SL1097	genus	95.0	species	Pseudomonas khavaziana	7	22
SL1097	genus	95.0	species	Pseudomonas orientalis	7	23
SL1097	genus	95.0	species	Pseudomonas lactis	6	24
SL1097	genus	95.0	species	Pseudomonas hygromyciniae	6	25
SL1097	genus	95.0	species	Pseudomonas migulae	6	26
SL1097	genus	95.0	species	Pseudomonas antarctica	6	27
SL1097	genus	95.0	species	Pseudomonas imrae	5	28
SL1097	genus	95.0	species	Pseudomonas chlororaphis	5	29
SL1097	genus	95.0	species	Pseudomonas tritici	5	30
SL1097	genus	95.0	species	Pseudomonas reactans	4	31
SL1097	genus	95.0	species	Pseudomonas gessardii	3	32
SL1097	genus	95.0	species	Pseudomonas carnis	2	33
SL1097	genus	95.0	species	Bacillus altitudinis	1	34
SL1097	species	97.0	genus	Pseudomonas	1331	1
SL1097	species	97.0	genus	Bacillus	1	2
SL1097	species	97.0	species	Pseudomonas poae	158	1
SL1097	species	97.0	species	Pseudomonas trivialis	134	2
SL1097	species	97.0	species	Pseudomonas synxantha	74	3
SL1097	species	97.0	species	Pseudomonas simiae	68	4
SL1097	species	97.0	species	Pseudomonas fluorescens	40	5
SL1097	species	97.0	species	Pseudomonas lurida	36	6
SL1097	species	97.0	species	Pseudomonas canadensis	36	7
SL1097	species	97.0	species	Pseudomonas azotoformans	30	8
SL1097	species	97.0	species	Pseudomonas yamanorum	25	9
SL1097	species	97.0	species	Pseudomonas allii	21	10
SL1097	species	97.0	species	Pseudomonas palleroniana	18	11
SL1097	species	97.0	species	Pseudomonas tolaasii	17	12
SL1097	species	97.0	species	Pseudomonas pergaminensis	15	13
SL1097	species	97.0	species	Pseudomonas brenneri	13	14
SL1097	species	97.0	species	Pseudomonas salmasensis	12	15
SL1097	species	97.0	species	Pseudomonas proteolytica	12	16
SL1097	species	97.0	species	Pseudomonas libanensis	11	17
SL1097	species	97.0	species	Pseudomonas mucidolens	11	18
SL1097	species	97.0	species	Pseudomonas shahriarae	9	19
SL1097	species	97.0	species	Pseudomonas cedrina	8	20
SL1097	species	97.0	species	Pseudomonas paracarnis	7	21
SL1097	species	97.0	species	Pseudomonas khavaziana	7	22
SL1097	species	97.0	species	Pseudomonas orientalis	7	23
SL1097	species	97.0	species	Pseudomonas lactis	6	24
SL1097	species	97.0	species	Pseudomonas hygromyciniae	6	25
SL1097	species	97.0	species	Pseudomonas migulae	6	26
SL1097	species	97.0	species	Pseudomonas antarctica	6	27
SL1097	species	97.0	species	Pseudomonas imrae	5	28
SL1097	species	97.0	species	Pseudomonas chlororaphis	5	29
SL1097	species	97.0	species	Pseudomonas tritici	5	30
SL1097	species	97.0	species	Pseudomonas reactans	4	31
SL1097	species	97.0	species	Pseudomonas gessardii	3	32
SL1097	species	97.0	species	Pseudomonas carnis	2	33
SL1097	species	97.0	species	Bacillus altitudinis	1	34
SL1098	genus	95.0	genus	Janthinobacterium	195	1
SL1098	genus	95.0	genus	Massilia	153	2
SL1098	genus	95.0	genus	Duganella	98	3
SL1098	genus	95.0	genus	Pseudoduganella	59	4
SL1098	genus	95.0	genus	Rugamonas	28	5
SL1098	genus	95.0	genus	Beta	11	6
SL1098	genus	95.0	genus	Telluria	11	7
SL1098	genus	95.0	genus	Zoogloea	3	8
SL1098	genus	95.0	genus	Burkholderia	2	9
SL1098	genus	95.0	genus	Rhizobium	1	10
SL1098	genus	95.0	species	Janthinobacterium lividum	40	1
SL1098	genus	95.0	species	Duganella zoogloeoides	19	2
SL1098	genus	95.0	species	Janthinobacterium rivuli	16	3
SL1098	genus	95.0	species	Massilia violaceinigra	14	4
SL1098	genus	95.0	species	Janthinobacterium aestuarii	14	5
SL1098	genus	95.0	species	Massilia rubra	13	6
SL1098	genus	95.0	species	Telluria mixta	11	7
SL1098	genus	95.0	species	Janthinobacterium agaricidamnosum	9	8
SL1098	genus	95.0	species	Pseudoduganella aquatica	9	9
SL1098	genus	95.0	species	Pseudoduganella umbonata	9	10
SL1098	genus	95.0	species	Duganella dendranthematis	8	11
SL1098	genus	95.0	species	Massilia atriviolacea	8	12
SL1098	genus	95.0	species	Janthinobacterium tructae	8	13
SL1098	genus	95.0	species	Janthinobacterium svalbardensis	8	14
SL1098	genus	95.0	species	Massilia cellulosiltytica	8	15
SL1098	genus	95.0	species	Massilia antarctica	7	16
SL1098	genus	95.0	species	Massilia forsythiae	7	17
SL1098	genus	95.0	species	Pseudoduganella chitinolytica	7	18
SL1098	genus	95.0	species	Massilia putida	7	19
SL1098	genus	95.0	species	Massilia litorea	7	20
SL1098	genus	95.0	species	Rugamonas aquatica	5	21
SL1098	genus	95.0	species	Duganella phyllosphaerae	3	22
SL1098	genus	95.0	species	Massilia aquatica	3	23
SL1098	genus	95.0	species	Duganella vulcania	3	24
SL1098	genus	95.0	species	Duganella margarita	3	25
SL1098	genus	95.0	species	Rugamonas violacea	3	26
SL1098	genus	95.0	species	Duganella violaceipulchra	2	27
SL1098	genus	95.0	species	Rugamonas rivuli	2	28
SL1098	genus	95.0	species	Massilia mucilaginosa	2	29
SL1098	genus	95.0	species	Rugamonas rubra	2	30
SL1098	genus	95.0	species	Massilia scottii	2	31
SL1098	genus	95.0	species	Rugamonas apoptosis	1	32
SL1098	genus	95.0	species	Massilia frigida	1	33
SL1098	genus	95.0	species	Rugamonas brunnea	1	34
SL1098	genus	95.0	species	Rugamonas fusca	1	35
SL1098	genus	95.0	species	Duganella levis	1	36
SL1098	genus	95.0	species	Duganella hordei	1	37
SL1098	genus	95.0	species	Duganella rhizosphaerae	1	38
SL1098	genus	95.0	species	Duganella guangzhouensis	1	39
SL1098	genus	95.0	species	Massilia phyllosphaerae	1	40
SL1098	genus	95.0	species	Janthinobacterium saanense	1	41
SL1098	genus	95.0	species	Duganella flavida	1	42
SL1098	genus	95.0	species	Duganella aceris	1	43
SL1098	genus	95.0	species	Janthinobacterium silvisoli	1	44
SL1098	genus	95.0	species	Massilia timonae	1	45
SL1098	genus	95.0	species	Massilia pseudoviolaceinigra	1	46
SL1098	genus	95.0	species	Duganella fentianensis	1	47
SL1098	genus	95.0	species	Duganella rivi	1	48
SL1098	genus	95.0	species	Duganella qianjiadongensis	1	49
SL1098	genus	95.0	species	Duganella lactea	1	50
SL1098	species	97.0	genus	Duganella	88	1
SL1098	species	97.0	genus	Massilia	84	2
SL1098	species	97.0	genus	Janthinobacterium	51	3
SL1098	species	97.0	genus	Rugamonas	28	4
SL1098	species	97.0	genus	Beta	8	5
SL1098	species	97.0	genus	Zoogloea	3	6
SL1098	species	97.0	genus	Rhizobium	1	7
SL1098	species	97.0	genus	Burkholderia	1	8
SL1098	species	97.0	species	Duganella zoogloeoides	19	1
SL1098	species	97.0	species	Massilia violaceinigra	14	2
SL1098	species	97.0	species	Massilia rubra	13	3
SL1098	species	97.0	species	Janthinobacterium lividum	13	4
SL1098	species	97.0	species	Duganella dendranthematis	8	5
SL1098	species	97.0	species	Massilia antarctica	7	6
SL1098	species	97.0	species	Janthinobacterium rivuli	7	7
SL1098	species	97.0	species	Janthinobacterium aestuarii	7	8
SL1098	species	97.0	species	Rugamonas aquatica	5	9
SL1098	species	97.0	species	Massilia atriviolacea	5	10
SL1098	species	97.0	species	Duganella phyllosphaerae	3	11
SL1098	species	97.0	species	Massilia aquatica	3	12
SL1098	species	97.0	species	Duganella vulcania	3	13
SL1098	species	97.0	species	Duganella margarita	3	14
SL1098	species	97.0	species	Rugamonas violacea	3	15
SL1098	species	97.0	species	Duganella violaceipulchra	2	16
SL1098	species	97.0	species	Rugamonas rivuli	2	17
SL1098	species	97.0	species	Massilia mucilaginosa	2	18
SL1098	species	97.0	species	Massilia forsythiae	2	19
SL1098	species	97.0	species	Rugamonas rubra	2	20
SL1098	species	97.0	species	Massilia scottii	2	21
SL1098	species	97.0	species	Rugamonas apoptosis	1	22
SL1098	species	97.0	species	Massilia frigida	1	23
SL1098	species	97.0	species	Rugamonas brunnea	1	24
SL1098	species	97.0	species	Rugamonas fusca	1	25
SL1098	species	97.0	species	Janthinobacterium tructae	1	26
SL1098	species	97.0	species	Duganella levis	1	27
SL1098	species	97.0	species	Duganella hordei	1	28
SL1098	species	97.0	species	Duganella rhizosphaerae	1	29
SL1098	species	97.0	species	Duganella guangzhouensis	1	30
SL1098	species	97.0	species	Massilia phyllosphaerae	1	31
SL1098	species	97.0	species	Duganella flavida	1	32
SL1098	species	97.0	species	Duganella aceris	1	33
SL1098	species	97.0	species	Massilia pseudoviolaceinigra	1	34
SL1098	species	97.0	species	Duganella fentianensis	1	35
SL1098	species	97.0	species	Duganella rivi	1	36
SL1102	genus	95.0	genus	Pseudomonas	1332	1
SL1102	genus	95.0	genus	Bacillus	1	2
SL1102	genus	95.0	species	Pseudomonas poae	158	1
SL1102	genus	95.0	species	Pseudomonas trivialis	135	2
SL1102	genus	95.0	species	Pseudomonas synxantha	74	3
SL1102	genus	95.0	species	Pseudomonas simiae	68	4
SL1102	genus	95.0	species	Pseudomonas fluorescens	40	5
SL1102	genus	95.0	species	Pseudomonas lurida	36	6
SL1102	genus	95.0	species	Pseudomonas canadensis	36	7
SL1102	genus	95.0	species	Pseudomonas azotoformans	30	8
SL1102	genus	95.0	species	Pseudomonas yamanorum	25	9
SL1102	genus	95.0	species	Pseudomonas allii	21	10
SL1102	genus	95.0	species	Pseudomonas palleroniana	18	11
SL1102	genus	95.0	species	Pseudomonas tolaasii	17	12
SL1102	genus	95.0	species	Pseudomonas pergaminensis	15	13
SL1102	genus	95.0	species	Pseudomonas brenneri	13	14
SL1102	genus	95.0	species	Pseudomonas salmasensis	12	15
SL1102	genus	95.0	species	Pseudomonas proteolytica	12	16
SL1102	genus	95.0	species	Pseudomonas libanensis	11	17
SL1102	genus	95.0	species	Pseudomonas mucidolens	11	18
SL1102	genus	95.0	species	Pseudomonas shahriarae	9	19
SL1102	genus	95.0	species	Pseudomonas cedrina	8	20
SL1102	genus	95.0	species	Pseudomonas paracarnis	7	21
SL1102	genus	95.0	species	Pseudomonas khavaziana	7	22
SL1102	genus	95.0	species	Pseudomonas orientalis	7	23
SL1102	genus	95.0	species	Pseudomonas lactis	6	24
SL1102	genus	95.0	species	Pseudomonas hygromyciniae	6	25
SL1102	genus	95.0	species	Pseudomonas migulae	6	26
SL1102	genus	95.0	species	Pseudomonas antarctica	6	27
SL1102	genus	95.0	species	Pseudomonas imrae	5	28
SL1102	genus	95.0	species	Pseudomonas chlororaphis	5	29
SL1102	genus	95.0	species	Pseudomonas tritici	5	30
SL1102	genus	95.0	species	Pseudomonas reactans	4	31
SL1102	genus	95.0	species	Pseudomonas gessardii	3	32
SL1102	genus	95.0	species	Pseudomonas carnis	2	33
SL1102	genus	95.0	species	Bacillus altitudinis	1	34
SL1102	species	97.0	genus	Pseudomonas	1331	1
SL1102	species	97.0	genus	Bacillus	1	2
SL1102	species	97.0	species	Pseudomonas poae	158	1
SL1102	species	97.0	species	Pseudomonas trivialis	134	2
SL1102	species	97.0	species	Pseudomonas synxantha	74	3
SL1102	species	97.0	species	Pseudomonas simiae	68	4
SL1102	species	97.0	species	Pseudomonas fluorescens	40	5
SL1102	species	97.0	species	Pseudomonas lurida	36	6
SL1102	species	97.0	species	Pseudomonas canadensis	36	7
SL1102	species	97.0	species	Pseudomonas azotoformans	30	8
SL1102	species	97.0	species	Pseudomonas yamanorum	25	9
SL1102	species	97.0	species	Pseudomonas allii	21	10
SL1102	species	97.0	species	Pseudomonas palleroniana	18	11
SL1102	species	97.0	species	Pseudomonas tolaasii	17	12
SL1102	species	97.0	species	Pseudomonas pergaminensis	15	13
SL1102	species	97.0	species	Pseudomonas brenneri	13	14
SL1102	species	97.0	species	Pseudomonas salmasensis	12	15
SL1102	species	97.0	species	Pseudomonas proteolytica	12	16
SL1102	species	97.0	species	Pseudomonas libanensis	11	17
SL1102	species	97.0	species	Pseudomonas mucidolens	11	18
SL1102	species	97.0	species	Pseudomonas shahriarae	9	19
SL1102	species	97.0	species	Pseudomonas cedrina	8	20
SL1102	species	97.0	species	Pseudomonas paracarnis	7	21
SL1102	species	97.0	species	Pseudomonas khavaziana	7	22
SL1102	species	97.0	species	Pseudomonas orientalis	7	23
SL1102	species	97.0	species	Pseudomonas lactis	6	24
SL1102	species	97.0	species	Pseudomonas hygromyciniae	6	25
SL1102	species	97.0	species	Pseudomonas migulae	6	26
SL1102	species	97.0	species	Pseudomonas antarctica	6	27
SL1102	species	97.0	species	Pseudomonas imrae	5	28
SL1102	species	97.0	species	Pseudomonas chlororaphis	5	29
SL1102	species	97.0	species	Pseudomonas tritici	5	30
SL1102	species	97.0	species	Pseudomonas reactans	4	31
SL1102	species	97.0	species	Pseudomonas gessardii	3	32
SL1102	species	97.0	species	Pseudomonas carnis	2	33
SL1102	species	97.0	species	Bacillus altitudinis	1	34
SL1105	genus	95.0	genus	Pseudomonas	2128	1
SL1105	genus	95.0	species	Pseudomonas putida	707	1
SL1105	genus	95.0	species	Pseudomonas monteilii	118	2
SL1105	genus	95.0	species	Pseudomonas asiatica	113	3
SL1105	genus	95.0	species	Pseudomonas plecoglossicida	107	4
SL1105	genus	95.0	species	Pseudomonas juntendi	58	5
SL1105	genus	95.0	species	Pseudomonas kurunegalensis	45	6
SL1105	genus	95.0	species	Pseudomonas alloputida	35	7
SL1105	genus	95.0	species	Pseudomonas donghuensis	33	8
SL1105	genus	95.0	species	Pseudomonas shirazensis	30	9
SL1105	genus	95.0	species	Pseudomonas asplenii	30	10
SL1105	genus	95.0	species	Pseudomonas fortuita	21	11
SL1105	genus	95.0	species	Pseudomonas promysalinigenes	21	12
SL1105	genus	95.0	species	Pseudomonas vranovensis	21	13
SL1105	genus	95.0	species	Pseudomonas shirazica	21	14
SL1105	genus	95.0	species	Pseudomonas alkylphenolica	20	15
SL1105	genus	95.0	species	Pseudomonas phoenicis	19	16
SL1105	genus	95.0	species	Pseudomonas sichuanensis	17	17
SL1105	genus	95.0	species	Pseudomonas kermanshahensis	14	18
SL1105	genus	95.0	species	Pseudomonas oryziphila	13	19
SL1105	genus	95.0	species	Pseudomonas fluorescens	11	20
SL1105	genus	95.0	species	Pseudomonas ceruminis	9	21
SL1105	genus	95.0	species	Pseudomonas capeferrum	7	22
SL1105	genus	95.0	species	Pseudomonas laurentiana	7	23
SL1105	genus	95.0	species	Pseudomonas taiwanensis	7	24
SL1105	genus	95.0	species	Pseudomonas hunanensis	7	25
SL1105	genus	95.0	species	Pseudomonas inefficax	7	26
SL1105	genus	95.0	species	Pseudomonas tructae	7	27
SL1105	genus	95.0	species	Pseudomonas wadenswilerensis	7	28
SL1105	genus	95.0	species	Pseudomonas parafulva	6	29
SL1105	genus	95.0	species	Pseudomonas muyukensis	6	30
SL1105	genus	95.0	species	Pseudomonas cremoricolorata	6	31
SL1105	genus	95.0	species	Pseudomonas wayambapalatensis	5	32
SL1105	genus	95.0	species	Pseudomonas huaxiensis	2	33
SL1105	genus	95.0	species	Pseudomonas hutmensis	1	34
SL1105	genus	95.0	species	Pseudomonas oryzihabitans	1	35
SL1105	genus	95.0	species	Pseudomonas entomophila	1	36
SL1105	genus	95.0	species	Pseudomonas reidholzensis	1	37
SL1105	species	97.0	genus	Pseudomonas	2126	1
SL1105	species	97.0	species	Pseudomonas putida	707	1
SL1105	species	97.0	species	Pseudomonas monteilii	118	2
SL1105	species	97.0	species	Pseudomonas asiatica	113	3
SL1105	species	97.0	species	Pseudomonas plecoglossicida	107	4
SL1105	species	97.0	species	Pseudomonas juntendi	58	5
SL1105	species	97.0	species	Pseudomonas kurunegalensis	45	6
SL1105	species	97.0	species	Pseudomonas alloputida	35	7
SL1105	species	97.0	species	Pseudomonas donghuensis	33	8
SL1105	species	97.0	species	Pseudomonas shirazensis	30	9
SL1105	species	97.0	species	Pseudomonas asplenii	30	10
SL1105	species	97.0	species	Pseudomonas fortuita	21	11
SL1105	species	97.0	species	Pseudomonas promysalinigenes	21	12
SL1105	species	97.0	species	Pseudomonas vranovensis	21	13
SL1105	species	97.0	species	Pseudomonas shirazica	21	14
SL1105	species	97.0	species	Pseudomonas alkylphenolica	20	15
SL1105	species	97.0	species	Pseudomonas phoenicis	19	16
SL1105	species	97.0	species	Pseudomonas sichuanensis	17	17
SL1105	species	97.0	species	Pseudomonas oryziphila	13	18
SL1105	species	97.0	species	Pseudomonas kermanshahensis	12	19
SL1105	species	97.0	species	Pseudomonas fluorescens	11	20
SL1105	species	97.0	species	Pseudomonas ceruminis	9	21
SL1105	species	97.0	species	Pseudomonas capeferrum	7	22
SL1105	species	97.0	species	Pseudomonas laurentiana	7	23
SL1105	species	97.0	species	Pseudomonas taiwanensis	7	24
SL1105	species	97.0	species	Pseudomonas hunanensis	7	25
SL1105	species	97.0	species	Pseudomonas inefficax	7	26
SL1105	species	97.0	species	Pseudomonas tructae	7	27
SL1105	species	97.0	species	Pseudomonas wadenswilerensis	7	28
SL1105	species	97.0	species	Pseudomonas parafulva	6	29
SL1105	species	97.0	species	Pseudomonas muyukensis	6	30
SL1105	species	97.0	species	Pseudomonas cremoricolorata	6	31
SL1105	species	97.0	species	Pseudomonas wayambapalatensis	5	32
SL1105	species	97.0	species	Pseudomonas huaxiensis	2	33
SL1105	species	97.0	species	Pseudomonas hutmensis	1	34
SL1105	species	97.0	species	Pseudomonas oryzihabitans	1	35
SL1105	species	97.0	species	Pseudomonas entomophila	1	36
SL1105	species	97.0	species	Pseudomonas reidholzensis	1	37
SL1107	genus	95.0	genus	Chryseobacterium	1014	1
SL1107	genus	95.0	genus	Epilithonimonas	14	2
SL1107	genus	95.0	genus	Kaistella	9	3
SL1107	genus	95.0	genus	Marnyiella	4	4
SL1107	genus	95.0	genus	Elizabethkingia	2	5
SL1107	genus	95.0	genus	Haloanella	2	6
SL1107	genus	95.0	genus	Pseudoxanthomonas	1	7
SL1107	genus	95.0	genus	Microbacterium	1	8
SL1107	genus	95.0	species	Chryseobacterium indologenes	153	1
SL1107	genus	95.0	species	Chryseobacterium indoltheticum	43	2
SL1107	genus	95.0	species	Chryseobacterium cucumeris	34	3
SL1107	genus	95.0	species	Chryseobacterium arthrosphaerae	33	4
SL1107	genus	95.0	species	Chryseobacterium gambrini	20	5
SL1107	genus	95.0	species	Chryseobacterium gleum	19	6
SL1107	genus	95.0	species	Chryseobacterium scophthalmum	18	7
SL1107	genus	95.0	species	Chryseobacterium balustinum	18	8
SL1107	genus	95.0	species	Chryseobacterium rhizoplanae	15	9
SL1107	genus	95.0	species	Chryseobacterium nakagawai	15	10
SL1107	genus	95.0	species	Chryseobacterium bernardetii	15	11
SL1107	genus	95.0	species	Chryseobacterium carnipullorum	14	12
SL1107	genus	95.0	species	Chryseobacterium lactis	13	13
SL1107	genus	95.0	species	Chryseobacterium gallinarum	12	14
SL1107	genus	95.0	species	Chryseobacterium camelliae	10	15
SL1107	genus	95.0	species	Chryseobacterium populi	10	16
SL1107	genus	95.0	species	Chryseobacterium daecheongense	9	17
SL1107	genus	95.0	species	Chryseobacterium fluminis	8	18
SL1107	genus	95.0	species	Chryseobacterium aureum	8	19
SL1107	genus	95.0	species	Chryseobacterium endophyticum	7	20
SL1107	genus	95.0	species	Chryseobacterium joostei	7	21
SL1107	genus	95.0	species	Epilithonimonas vandammei	7	22
SL1107	genus	95.0	species	Chryseobacterium glaciei	7	23
SL1107	genus	95.0	species	Chryseobacterium capnotolerans	7	24
SL1107	genus	95.0	species	Chryseobacterium oryzae	6	25
SL1107	genus	95.0	species	Chryseobacterium wangxinyae	6	26
SL1107	genus	95.0	species	Epilithonimonas zeae	6	27
SL1107	genus	95.0	species	Chryseobacterium taihuense	6	28
SL1107	genus	95.0	species	Chryseobacterium oranimense	6	29
SL1107	genus	95.0	species	Chryseobacterium cheonjiense	5	30
SL1107	genus	95.0	species	Chryseobacterium chendengshani	5	31
SL1107	genus	95.0	species	Chryseobacterium piperi	5	32
SL1107	genus	95.0	species	Chryseobacterium nepalense	5	33
SL1107	genus	95.0	species	Chryseobacterium manosquense	4	34
SL1107	genus	95.0	species	Marnyiella aurantia	4	35
SL1107	genus	95.0	species	Kaistella haifensis	4	36
SL1107	genus	95.0	species	Chryseobacterium antibioticum	4	37
SL1107	genus	95.0	species	Chryseobacterium soldanellicola	3	38
SL1107	genus	95.0	species	Chryseobacterium aquaticum	3	39
SL1107	genus	95.0	species	Kaistella faecalis	3	40
SL1107	genus	95.0	species	Chryseobacterium mulctrae	2	41
SL1107	genus	95.0	species	Chryseobacterium aquaeductus	2	42
SL1107	genus	95.0	species	Chryseobacterium paridis	2	43
SL1107	genus	95.0	species	Chryseobacterium polytrichastri	2	44
SL1107	genus	95.0	species	Chryseobacterium echinoideorum	2	45
SL1107	genus	95.0	species	Chryseobacterium tagetis	2	46
SL1107	genus	95.0	species	Chryseobacterium gwangjuense	2	47
SL1107	genus	95.0	species	Chryseobacterium formosense	2	48
SL1107	genus	95.0	species	Chryseobacterium caseinilyticum	2	49
SL1107	genus	95.0	species	Chryseobacterium fistulae	2	50
SL1107	genus	95.0	species	Chryseobacterium panacis	2	51
SL1107	genus	95.0	species	Chryseobacterium potabilaquae	2	52
SL1107	genus	95.0	species	Kaistella daneshvariae	2	53
SL1107	genus	95.0	species	Chryseobacterium luquanense	1	54
SL1107	genus	95.0	species	Chryseobacterium indicum	1	55
SL1107	genus	95.0	species	Chryseobacterium piscium	1	56
SL1107	genus	95.0	species	Elizabethkingia miricola	1	57
SL1107	genus	95.0	species	Chryseobacterium barbadense	1	58
SL1107	genus	95.0	species	Chryseobacterium geocarposphaerae	1	59
SL1107	genus	95.0	species	Chryseobacterium flavum	1	60
SL1107	genus	95.0	species	Chryseobacterium turcicum	1	61
SL1107	genus	95.0	species	Chryseobacterium ginsengisoli	1	62
SL1107	genus	95.0	species	Chryseobacterium piscicola	1	63
SL1107	genus	95.0	species	Chryseobacterium taiwanense	1	64
SL1107	genus	95.0	species	Chryseobacterium zhengzhouense	1	65
SL1107	genus	95.0	species	Chryseobacterium lecithinasegens	1	66
SL1107	genus	95.0	species	Chryseobacterium rhizosphaerae	1	67
SL1107	genus	95.0	species	Chryseobacterium jejuense	1	68
SL1107	genus	95.0	species	Chryseobacterium oleae	1	69
SL1107	genus	95.0	species	Chryseobacterium muglaense	1	70
SL1107	genus	95.0	species	Chryseobacterium timonianum	1	71
SL1107	genus	95.0	species	Chryseobacterium arachidis	1	72
SL1107	genus	95.0	species	Chryseobacterium lathyri	1	73
SL1107	genus	95.0	species	Chryseobacterium soli	1	74
SL1107	genus	95.0	species	Candidatus Chryseobacterium massiliense	1	75
SL1107	genus	95.0	species	Chryseobacterium phocaeense	1	76
SL1107	genus	95.0	species	Chryseobacterium daeguense	1	77
SL1107	genus	95.0	species	Haloanella gallinarum	1	78
SL1107	genus	95.0	species	Chryseobacterium wanjuense	1	79
SL1107	genus	95.0	species	Microbacterium oxydans	1	80
SL1107	genus	95.0	species	Chryseobacterium ginsenosidimutans	1	81
SL1107	genus	95.0	species	Chryseobacterium gregarium	1	82
SL1107	genus	95.0	species	Chryseobacterium defluvii	1	83
SL1107	genus	95.0	species	Epilithonimonas caeni	1	84
SL1107	species	97.0	genus	Chryseobacterium	313	1
SL1107	species	97.0	genus	Epilithonimonas	6	2
SL1107	species	97.0	genus	Elizabethkingia	1	3
SL1107	species	97.0	genus	Haloanella	1	4
SL1107	species	97.0	genus	Microbacterium	1	5
SL1107	species	97.0	species	Chryseobacterium indoltheticum	43	1
SL1107	species	97.0	species	Chryseobacterium scophthalmum	18	2
SL1107	species	97.0	species	Chryseobacterium balustinum	18	3
SL1107	species	97.0	species	Chryseobacterium oryzae	6	4
SL1107	species	97.0	species	Chryseobacterium camelliae	6	5
SL1107	species	97.0	species	Chryseobacterium wangxinyae	6	6
SL1107	species	97.0	species	Epilithonimonas zeae	6	7
SL1107	species	97.0	species	Chryseobacterium soldanellicola	3	8
SL1107	species	97.0	species	Chryseobacterium mulctrae	2	9
SL1107	species	97.0	species	Chryseobacterium paridis	2	10
SL1107	species	97.0	species	Chryseobacterium aquaticum	2	11
SL1107	species	97.0	species	Chryseobacterium polytrichastri	2	12
SL1107	species	97.0	species	Chryseobacterium tagetis	2	13
SL1107	species	97.0	species	Chryseobacterium gwangjuense	2	14
SL1107	species	97.0	species	Chryseobacterium formosense	2	15
SL1107	species	97.0	species	Chryseobacterium antibioticum	2	16
SL1107	species	97.0	species	Chryseobacterium luquanense	1	17
SL1107	species	97.0	species	Chryseobacterium indicum	1	18
SL1107	species	97.0	species	Chryseobacterium piscium	1	19
SL1107	species	97.0	species	Chryseobacterium taihuense	1	20
SL1107	species	97.0	species	Elizabethkingia miricola	1	21
SL1107	species	97.0	species	Chryseobacterium gambrini	1	22
SL1107	species	97.0	species	Chryseobacterium geocarposphaerae	1	23
SL1107	species	97.0	species	Chryseobacterium turcicum	1	24
SL1107	species	97.0	species	Chryseobacterium ginsengisoli	1	25
SL1107	species	97.0	species	Chryseobacterium piscicola	1	26
SL1107	species	97.0	species	Chryseobacterium arthrosphaerae	1	27
SL1107	species	97.0	species	Chryseobacterium zhengzhouense	1	28
SL1107	species	97.0	species	Chryseobacterium muglaense	1	29
SL1107	species	97.0	species	Chryseobacterium arachidis	1	30
SL1107	species	97.0	species	Chryseobacterium soli	1	31
SL1107	species	97.0	species	Microbacterium oxydans	1	32
SL1107	species	97.0	species	Chryseobacterium ginsenosidimutans	1	33
