run,trial,objective,param_hidden_dim,param_hidden_layers,param_weight_decay,param_dropout,param_tau,param_lr
genera_species,197,0.6685779690742493,420,2,7.166892051942863e-06,0.18753828991409338,0.11641156385104359,0.0009021168067039361
genera_species,15,0.6794546842575073,270,2,6.651320586048932e-06,0.1970620661234064,0.11618840354631547,0.0004339059851382404
genera_species,186,0.6919522881507874,250,2,1.2408396575819193e-05,0.18730569259399524,0.11098513966001054,0.0008763685571308511
genera_species,278,0.7072556614875793,430,2,1.0614585897928188e-05,0.17872834636814514,0.11895004365400977,0.00037200544313025483
genera_species,212,0.7198397517204285,430,2,1.1336388926625343e-05,0.18105363595481513,0.12223917962399898,0.000620510707811149
genera_species,287,0.7203137278556824,420,2,5.616514200023691e-06,0.17338001418804042,0.10365036454369385,0.0004290811361845334
genera_species,225,0.7243754863739014,420,2,9.988553177547427e-06,0.17147489027115612,0.11770051918071248,0.0006414513099856796
genera_species,146,0.7270883917808533,430,2,1.829876299990003e-05,0.1648816061065346,0.11590572395672409,0.0007653348059214861
genera_species,297,0.7325169444084167,420,2,5.465151584573917e-06,0.21177259774527943,0.11101138619409709,0.000495332693027183
genera_species,281,0.7356346249580383,440,2,1.1040115785265105e-05,0.1802560717030281,0.10630961594475564,0.00041739818774182505
genera_genera,209,2.0206220149993896,390,2,1.9586987391446873e-05,0.41115388656427554,0.12421465035176336,0.0007406137323806516
genera_genera,25,2.0336554050445557,380,5,2.7682251899889425e-06,0.47602805692871564,0.13986558347518552,0.0004742668279062267
genera_genera,33,2.055295467376709,430,3,2.0687708017091913e-06,0.38215715210088363,0.1317936097084176,0.00060843560990312
genera_genera,253,2.0578858852386475,380,4,4.816259321387946e-06,0.41396716774988174,0.12334693882696998,0.0008949318092030893
genera_genera,156,2.0589029788970947,360,4,3.2636786491770305e-06,0.39816354271681914,0.14289326783620285,0.0008999602036764463
genera_genera,202,2.0668158531188965,410,2,2.5310578358675945e-06,0.39405388541330055,0.132612528102012,0.0005887196041225616
genera_genera,83,2.0691726207733154,410,4,4.485744005899052e-06,0.4295101451110626,0.12421530560410264,0.0005326836393319941
genera_genera,161,2.0729596614837646,380,4,2.6364717226340014e-06,0.283873637191152,0.13963617642741435,0.0007850044765522151
genera_genera,191,2.0748748779296875,330,4,2.4127056037220516e-05,0.3279529988671474,0.12805796746442183,0.0009053365728424634
genera_genera,65,2.0759198665618896,260,4,4.827012168835862e-06,0.33703040143722124,0.1395367029358126,0.0006635418099127137
